私立育才國小,[01]新北市
私立聖心國小,[01]新北市
私立及人國小,[01]新北市
私立竹林國小,[01]新北市
私立信賢種籽親子實小,[01]新北市
市立北大國小,[01]新北市
市立新林國小,[01]新北市
市立板橋國小,[01]新北市
市立國光國小,[01]新北市
市立新埔國小,[01]新北市
市立埔墘國小,[01]新北市
市立莒光國小,[01]新北市
市立後埔國小,[01]新北市
市立海山國小,[01]新北市
市立江翠國小,[01]新北市
市立文聖國小,[01]新北市
市立沙崙國小,[01]新北市
市立文德國小,[01]新北市
市立樹林國小,[01]新北市
市立文林國小,[01]新北市
市立大同國小,[01]新北市
市立武林國小,[01]新北市
市立山佳國小,[01]新北市
市立育德國小,[01]新北市
市立柑園國小,[01]新北市
市立鶯歌國小,[01]新北市
市立二橋國小,[01]新北市
市立中湖國小,[01]新北市
市立鳳鳴國小,[01]新北市
市立三峽國小,[01]新北市
市立大埔國小,[01]新北市
市立民義國小,[01]新北市
市立成福國小,[01]新北市
市立大成國小,[01]新北市
市立建安國小,[01]新北市
市立插角國小,[01]新北市
市立有木國小,[01]新北市
市立五寮國小,[01]新北市
市立中和國小,[01]新北市
市立復興國小,[01]新北市
市立興南國小,[01]新北市
市立秀山國小,[01]新北市
市立積穗國小,[01]新北市
市立自強國小,[01]新北市
市立錦和國小,[01]新北市
市立景新國小,[01]新北市
市立永和國小,[01]新北市
市立秀朗國小,[01]新北市
市立頂溪國小,[01]新北市
市立網溪國小,[01]新北市
市立永平國小,[01]新北市
市立土城國小,[01]新北市
市立清水國小,[01]新北市
市立頂埔國小,[01]新北市
市立廣福國小,[01]新北市
市立汐止國小,[01]新北市
市立長安國小,[01]新北市
市立保長國小,[01]新北市
市立崇德國小,[01]新北市
市立北港國小,[01]新北市
市立北峰國小,[01]新北市
市立東山國小,[01]新北市
市立白雲國小,[01]新北市
市立萬里國小,[01]新北市
市立野柳國小,[01]新北市
市立大鵬國小,[01]新北市
市立大坪國小,[01]新北市
市立崁腳國小,[01]新北市
市立金山國小,[01]新北市
市立中角國小,[01]新北市
市立三和國小,[01]新北市
市立新店國小,[01]新北市
市立直潭國小,[01]新北市
市立青潭國小,[01]新北市
市立雙峰國小,[01]新北市
市立大豐國小,[01]新北市
市立中正國小,[01]新北市
市立安坑國小,[01]新北市
市立雙城國小,[01]新北市
市立屈尺國小,[01]新北市
市立龜山國小,[01]新北市
市立深坑國小,[01]新北市
市立石碇國小,[01]新北市
市立和平國小,[01]新北市
市立永定國小,[01]新北市
市立雲海國小,[01]新北市
市立坪林國小,[01]新北市
市立烏來國(中)小,[01]新北市
市立福山國小,[01]新北市
市立瑞芳國小,[01]新北市
市立義方國小,[01]新北市
市立瑞柑國小,[01]新北市
市立瑞濱國小,[01]新北市
市立九份國小,[01]新北市
市立瓜山國小,[01]新北市
市立濂洞國小,[01]新北市
市立猴硐國小,[01]新北市
市立瑞亭國小,[01]新北市
市立吉慶國小,[01]新北市
市立鼻頭國小,[01]新北市
市立雙溪國小,[01]新北市
市立柑林國小,[01]新北市
市立上林國小,[01]新北市
市立牡丹國小,[01]新北市
市立貢寮國小,[01]新北市
市立福隆國小,[01]新北市
市立澳底國小,[01]新北市
市立和美國小,[01]新北市
市立福連國小,[01]新北市
市立平溪國小,[01]新北市
市立菁桐國小,[01]新北市
市立十分國小,[01]新北市
市立淡水國小,[01]新北市
市立育英國小,[01]新北市
市立文化國小,[01]新北市
市立天生國小,[01]新北市
市立水源國小,[01]新北市
市立興仁國小,[01]新北市
市立忠山國小,[01]新北市
市立屯山國小,[01]新北市
市立中泰國小,[01]新北市
市立坪頂國小,[01]新北市
市立竹圍國小,[01]新北市
市立石門國小,[01]新北市
市立乾華國小,[01]新北市
市立老梅國小,[01]新北市
市立三芝國小,[01]新北市
市立橫山國小,[01]新北市
市立興華國小,[01]新北市
市立新莊國小,[01]新北市
市立中港國小,[01]新北市
市立思賢國小,[01]新北市
市立頭前國小,[01]新北市
市立國泰國小,[01]新北市
市立豐年國小,[01]新北市
市立丹鳳國小,[01]新北市
市立光華國小,[01]新北市
市立民安國小,[01]新北市
市立昌隆國小,[01]新北市
市立泰山國小,[01]新北市
市立明志國小,[01]新北市
市立成州國小,[01]新北市
市立更寮國小,[01]新北市
市立五股國小,[01]新北市
市立蘆洲國小,[01]新北市
市立鷺江國小,[01]新北市
市立八里國小,[01]新北市
市立長坑國小,[01]新北市
市立米倉國小,[01]新北市
市立林口國小,[01]新北市
市立南勢國小,[01]新北市
市立嘉寶國小,[01]新北市
市立瑞平國小,[01]新北市
市立興福國小,[01]新北市
市立三重國小,[01]新北市
市立永福國小,[01]新北市
市立光榮國小,[01]新北市
市立厚德國小,[01]新北市
市立碧華國小,[01]新北市
市立三光國小,[01]新北市
市立光興國小,[01]新北市
市立正義國小,[01]新北市
市立修德國小,[01]新北市
市立二重國小,[01]新北市
市立興穀國小,[01]新北市
市立興化國小,[01]新北市
市立中山國小,[01]新北市
市立三多國小,[01]新北市
市立實踐國小,[01]新北市
市立大觀國小,[01]新北市
市立溪洲國小,[01]新北市
市立信義國小,[01]新北市
市立重慶國小,[01]新北市
市立樂利國小,[01]新北市
市立安和國小,[01]新北市
市立彭福國小,[01]新北市
市立育林國小,[01]新北市
市立建國國小,[01]新北市
市立安溪國小,[01]新北市
市立樟樹國小,[01]新北市
市立金美國小,[01]新北市
市立新和國小,[01]新北市
市立鄧公國小,[01]新北市
市立新興國小,[01]新北市
市立重陽國小,[01]新北市
市立五華國小,[01]新北市
市立成功國小,[01]新北市
市立仁愛國小,[01]新北市
市立榮富國小,[01]新北市
市立裕民國小,[01]新北市
市立新泰國小,[01]新北市
市立中信國小,[01]新北市
市立德音國小,[01]新北市
市立麗園國小,[01]新北市
市立北新國小,[01]新北市
市立同榮國小,[01]新北市
市立光復國小,[01]新北市
市立秀峰國小,[01]新北市
市立金龍國小,[01]新北市
市立介壽國小,[01]新北市
市立昌平國小,[01]新北市
市立麗林國小,[01]新北市
市立集美國小,[01]新北市
市立永吉國小,[01]新北市
市立大崁國小,[01]新北市
市立中園國小,[01]新北市
市立昌福國小,[01]新北市
市立忠義國小,[01]新北市
市立豐珠國(中)小,[01]新北市
市立青山國(中)小,[01]新北市
市立義學國小,[01]新北市
市立達觀國(中)小,[01]新北市
市立桃子腳國(中)小,[01]新北市
市立龍埔國小,[01]新北市
市立頭湖國小,[01]新北市
市立新市國小,[01]新北市
市立松山國小,[31]臺北市
市立西松國小,[31]臺北市
市立敦化國小,[31]臺北市
市立民生國小,[31]臺北市
市立民權國小,[31]臺北市
市立民族國小,[31]臺北市
市立三民國小,[31]臺北市
市立健康國小,[31]臺北市
市立興雅國小,[32]臺北市
市立永春國小,[32]臺北市
市立光復國小,[32]臺北市
市立三興國小,[32]臺北市
市立信義國小,[32]臺北市
市立吳興國小,[32]臺北市
市立福德國小,[32]臺北市
市立永吉國小,[32]臺北市
市立博愛國小,[32]臺北市
國立臺北教大實小,[33]臺北市
私立復興國小,[33]臺北市
私立立人國(中)小,[33]臺北市
私立新民小學,[33]臺北市
市立龍安國小,[33]臺北市
市立大安國小,[33]臺北市
市立幸安國小,[33]臺北市
市立建安國小,[33]臺北市
市立仁愛國小,[33]臺北市
市立金華國小,[33]臺北市
市立古亭國小,[33]臺北市
市立銘傳國小,[33]臺北市
市立公館國小,[33]臺北市
市立新生國小,[33]臺北市
市立和平實驗國小,[33]臺北市
市立中山國小,[34]臺北市
市立中正國小,[34]臺北市
市立長安國小,[34]臺北市
市立長春國小,[34]臺北市
市立大直國小,[34]臺北市
市立大佳國小,[34]臺北市
市立五常國小,[34]臺北市
市立吉林國小,[34]臺北市
市立懷生國小,[34]臺北市
市立永安國小,[34]臺北市
市立濱江國小,[34]臺北市
市立螢橋國小,[35]臺北市
市立河堤國小,[35]臺北市
市立忠義國小,[35]臺北市
市立國語實小,[35]臺北市
市立南門國小,[35]臺北市
市立東門國小,[35]臺北市
市立忠孝國小,[35]臺北市
臺北市立大學附小,[35]臺北市
市立蓬萊國小,[36]臺北市
市立日新國小,[36]臺北市
市立太平國小,[36]臺北市
市立永樂國小,[36]臺北市
市立雙蓮國小,[36]臺北市
市立大同國小,[36]臺北市
市立大龍國小,[36]臺北市
市立延平國小,[36]臺北市
市立大橋國小,[36]臺北市
私立光仁小學,[37]臺北市
市立新和國小,[37]臺北市
市立雙園國小,[37]臺北市
市立東園國小,[37]臺北市
市立大理國小,[37]臺北市
市立西園國小,[37]臺北市
市立萬大國小,[37]臺北市
市立華江國小,[37]臺北市
市立西門國小,[37]臺北市
市立老松國小,[37]臺北市
市立龍山國小,[37]臺北市
市立福星國小,[37]臺北市
國立政大實小,[38]臺北市
私立靜心小學,[38]臺北市
私立中山小學,[38]臺北市
私立再興小學,[38]臺北市
市立景美國小,[38]臺北市
市立武功國小,[38]臺北市
市立興德國小,[38]臺北市
市立溪口國小,[38]臺北市
市立興隆國小,[38]臺北市
市立志清國小,[38]臺北市
市立景興國小,[38]臺北市
市立木柵國小,[38]臺北市
市立永建國小,[38]臺北市
市立實踐國小,[38]臺北市
市立博嘉國小,[38]臺北市
市立指南國小,[38]臺北市
市立明道國小,[38]臺北市
市立萬芳國小,[38]臺北市
市立力行國小,[38]臺北市
市立萬興國小,[38]臺北市
市立萬福國小,[38]臺北市
市立興華國小,[38]臺北市
市立辛亥國小,[38]臺北市
市立南港國小,[39]臺北市
市立舊莊國小,[39]臺北市
市立玉成國小,[39]臺北市
市立成德國小,[39]臺北市
市立胡適國小,[39]臺北市
市立東新國小,[39]臺北市
市立修德國小,[39]臺北市
市立內湖國小,[40]臺北市
市立碧湖國小,[40]臺北市
市立潭美國小,[40]臺北市
市立東湖國小,[40]臺北市
市立西湖國小,[40]臺北市
市立康寧國小,[40]臺北市
市立明湖國小,[40]臺北市
市立麗山國小,[40]臺北市
市立新湖國小,[40]臺北市
市立文湖國小,[40]臺北市
市立大湖國小,[40]臺北市
市立南湖國小,[40]臺北市
市立麗湖國小,[40]臺北市
私立華興小學,[41]臺北市
市立士林國小,[41]臺北市
市立士東國小,[41]臺北市
市立福林國小,[41]臺北市
市立陽明山國小,[41]臺北市
市立社子國小,[41]臺北市
市立雨聲國小,[41]臺北市
市立富安國小,[41]臺北市
市立劍潭國小,[41]臺北市
市立溪山國小,[41]臺北市
市立平等國小,[41]臺北市
市立百齡國小,[41]臺北市
市立雙溪國小,[41]臺北市
市立葫蘆國小,[41]臺北市
市立雨農國小,[41]臺北市
市立天母國小,[41]臺北市
市立文昌國小,[41]臺北市
市立芝山國小,[41]臺北市
市立蘭雅國小,[41]臺北市
市立三玉國小,[41]臺北市
私立薇閣小學,[42]臺北市
市立北投國小,[42]臺北市
市立逸仙國小,[42]臺北市
市立石牌國小,[42]臺北市
市立關渡國小,[42]臺北市
市立湖田國小,[42]臺北市
市立清江國小,[42]臺北市
市立泉源國小,[42]臺北市
市立大屯國小,[42]臺北市
市立湖山國小,[42]臺北市
市立桃源國小,[42]臺北市
市立文林國小,[42]臺北市
市立義方國小,[42]臺北市
市立立農國小,[42]臺北市
市立明德國小,[42]臺北市
市立文化國小,[42]臺北市
私立福祿貝爾國小,[03]桃園市
私立諾瓦國小,[03]桃園市
私立有得國(中)小,[03]桃園市
私立康萊爾國(中)小,[03]桃園市
市立桃園國小,[03]桃園市
市立東門國小,[03]桃園市
市立中埔國小,[03]桃園市
市立成功國小,[03]桃園市
市立會稽國小,[03]桃園市
市立建國國小,[03]桃園市
市立中山國小,[03]桃園市
市立文山國小,[03]桃園市
市立南門國小,[03]桃園市
市立西門國小,[03]桃園市
市立龍山國小,[03]桃園市
市立北門國小,[03]桃園市
市立南崁國小,[03]桃園市
市立公埔國小,[03]桃園市
市立蘆竹國小,[03]桃園市
市立大竹國小,[03]桃園市
市立新興國小,[03]桃園市
市立外社國小,[03]桃園市
市立頂社國小,[03]桃園市
市立海湖國小,[03]桃園市
市立山腳國小,[03]桃園市
市立大華國小,[03]桃園市
市立新莊國小,[03]桃園市
市立大園國小,[03]桃園市
市立圳頭國小,[03]桃園市
市立內海國小,[03]桃園市
市立溪海國小,[03]桃園市
市立潮音國小,[03]桃園市
市立竹圍國小,[03]桃園市
市立果林國小,[03]桃園市
市立后厝國小,[03]桃園市
市立沙崙國小,[03]桃園市
市立埔心國小,[03]桃園市
市立五權國小,[03]桃園市
市立陳康國小,[03]桃園市
市立龜山國小,[03]桃園市
市立壽山國小,[03]桃園市
市立福源國小,[03]桃園市
市立大崗國小,[03]桃園市
市立大埔國小,[03]桃園市
市立大坑國小,[03]桃園市
市立山頂國小,[03]桃園市
市立龍壽國小,[03]桃園市
市立新路國小,[03]桃園市
市立樂善國小,[03]桃園市
市立大成國小,[03]桃園市
市立大勇國小,[03]桃園市
市立八德國小,[03]桃園市
市立瑞豐國小,[03]桃園市
市立霄裡國小,[03]桃園市
市立大安國小,[03]桃園市
市立茄苳國小,[03]桃園市
市立廣興國小,[03]桃園市
市立大溪國小,[03]桃園市
市立美華國小,[03]桃園市
市立內柵國小,[03]桃園市
市立福安國小,[03]桃園市
市立百吉國小,[03]桃園市
市立瑞祥國小,[03]桃園市
市立中興國小,[03]桃園市
市立員樹林國小,[03]桃園市
市立仁善國小,[03]桃園市
市立僑愛國小,[03]桃園市
市立南興國小,[03]桃園市
市立永福國小,[03]桃園市
市立中壢國小,[03]桃園市
市立中平國小,[03]桃園市
市立新明國小,[03]桃園市
市立芭里國小,[03]桃園市
市立新街國小,[03]桃園市
市立信義國小,[03]桃園市
市立普仁國小,[03]桃園市
市立富台國小,[03]桃園市
市立青埔國小,[03]桃園市
市立內壢國小,[03]桃園市
市立大崙國小,[03]桃園市
市立山東國小,[03]桃園市
市立中正國小,[03]桃園市
市立自立國小,[03]桃園市
市立龍岡國小,[03]桃園市
市立內定國小,[03]桃園市
市立南勢國小,[03]桃園市
市立宋屋國小,[03]桃園市
市立新勢國小,[03]桃園市
市立忠貞國小,[03]桃園市
市立東勢國小,[03]桃園市
市立山豐國小,[03]桃園市
市立復旦國小,[03]桃園市
市立北勢國小,[03]桃園市
市立楊梅國小,[03]桃園市
市立上田國小,[03]桃園市
市立大同國小,[03]桃園市
市立富岡國小,[03]桃園市
市立瑞原國小,[03]桃園市
市立上湖國小,[03]桃園市
市立水美國小,[03]桃園市
市立瑞埔國小,[03]桃園市
市立高榮國小,[03]桃園市
市立四維國小,[03]桃園市
市立瑞梅國小,[03]桃園市
市立新屋國小,[03]桃園市
市立啟文國小,[03]桃園市
市立東明國小,[03]桃園市
市立頭洲國小,[03]桃園市
市立永安國小,[03]桃園市
市立笨港國小,[03]桃園市
市立北湖國小,[03]桃園市
市立大坡國小,[03]桃園市
市立蚵間國小,[03]桃園市
市立社子國小,[03]桃園市
市立埔頂國小,[03]桃園市
市立觀音國小,[03]桃園市
市立大潭國小,[03]桃園市
市立保生國小,[03]桃園市
市立新坡國小,[03]桃園市
市立崙坪國小,[03]桃園市
市立上大國小,[03]桃園市
市立育仁國小,[03]桃園市
市立草漯國小,[03]桃園市
市立富林國小,[03]桃園市
市立樹林國小,[03]桃園市
市立龍潭國小,[03]桃園市
市立德龍國小,[03]桃園市
市立潛龍國小,[03]桃園市
市立石門國小,[03]桃園市
市立高原國小,[03]桃園市
市立龍源國小,[03]桃園市
市立三和國小,[03]桃園市
市立武漢國小,[03]桃園市
市立介壽國小,[03]桃園市
市立三民國小,[03]桃園市
市立義盛國小,[03]桃園市
市立霞雲國小,[03]桃園市
市立奎輝國小,[03]桃園市
市立光華國小,[03]桃園市
市立高義國小,[03]桃園市
市立長興國小,[03]桃園市
市立三光國小,[03]桃園市
市立羅浮國小,[03]桃園市
市立巴崚國小,[03]桃園市
市立東安國小,[03]桃園市
市立青溪國小,[03]桃園市
市立錦興國小,[03]桃園市
市立興國國小,[03]桃園市
市立華勛國小,[03]桃園市
市立同安國小,[03]桃園市
市立大忠國小,[03]桃園市
市立楊明國小,[03]桃園市
市立祥安國小,[03]桃園市
市立迴龍國(中)小,[03]桃園市
市立建德國小,[03]桃園市
市立林森國小,[03]桃園市
市立文化國小,[03]桃園市
市立龍星國小,[03]桃園市
市立大有國小,[03]桃園市
市立幸福國小,[03]桃園市
市立慈文國小,[03]桃園市
市立大業國小,[03]桃園市
市立同德國小,[03]桃園市
市立光明國小,[03]桃園市
市立文華國小,[03]桃園市
市立田心國小,[03]桃園市
市立忠福國小,[03]桃園市
市立興仁國小,[03]桃園市
市立平興國小,[03]桃園市
市立義興國小,[03]桃園市
市立瑞塘國小,[03]桃園市
市立三坑國小,[03]桃園市
市立楓樹國小,[03]桃園市
市立楊心國小,[03]桃園市
市立南美國小,[03]桃園市
市立中原國小,[03]桃園市
市立元生國小,[03]桃園市
市立莊敬國小,[03]桃園市
市立自強國小,[03]桃園市
市立新榮國小,[03]桃園市
市立楊光國(中)小,[03]桃園市
市立快樂國小,[03]桃園市
市立永順國小,[03]桃園市
市立新埔國小,[03]桃園市
市立文欣國小,[03]桃園市
市立雙龍國小,[03]桃園市
市立龍安國小,[03]桃園市
市立長庚國小,[03]桃園市
市立仁和國小,[03]桃園市
市立大湖國小,[03]桃園市
私立華盛頓國小,[06]臺中市
市立善水國(中)小,[06]臺中市
市立豐原國小,[06]臺中市
市立瑞穗國小,[06]臺中市
市立南陽國小,[06]臺中市
市立富春國小,[06]臺中市
市立豐村國小,[06]臺中市
市立翁子國小,[06]臺中市
市立豐田國小,[06]臺中市
市立合作國小,[06]臺中市
市立內埔國小,[06]臺中市
市立后里國小,[06]臺中市
市立月眉國小,[06]臺中市
市立七星國小,[06]臺中市
市立育英國小,[06]臺中市
市立后里區泰安國小,[06]臺中市
市立神岡國小,[06]臺中市
市立豐洲國小,[06]臺中市
市立社口國小,[06]臺中市
市立圳堵國小,[06]臺中市
市立岸裡國小,[06]臺中市
市立大雅國小,[06]臺中市
市立三和國小,[06]臺中市
市立大明國小,[06]臺中市
市立上楓國小,[06]臺中市
市立汝鎏國小,[06]臺中市
市立陽明國小,[06]臺中市
市立潭子國小,[06]臺中市
市立僑忠國小,[06]臺中市
市立東寶國小,[06]臺中市
市立潭子區新興國小,[06]臺中市
市立外埔國小,[06]臺中市
市立安定國小,[06]臺中市
市立鐵山國小,[06]臺中市
市立馬鳴國小,[06]臺中市
市立水美國小,[06]臺中市
市立東勢國小,[06]臺中市
市立中山國小,[06]臺中市
市立石城國小,[06]臺中市
市立東勢區成功國小,[06]臺中市
市立石角國小,[06]臺中市
市立中科國小,[06]臺中市
市立新成國小,[06]臺中市
市立明正國小,[06]臺中市
市立石岡國小,[06]臺中市
市立土牛國小,[06]臺中市
市立新社國小,[06]臺中市
市立新社區東興國小,[06]臺中市
市立大南國小,[06]臺中市
市立協成國小,[06]臺中市
市立大林國小,[06]臺中市
市立崑山國小,[06]臺中市
市立中和國小,[06]臺中市
市立清水國小,[06]臺中市
市立西寧國小,[06]臺中市
市立建國國小,[06]臺中市
市立大秀國小,[06]臺中市
市立三田國小,[06]臺中市
市立甲南國小,[06]臺中市
市立高美國小,[06]臺中市
市立大楊國小,[06]臺中市
市立東山國小,[06]臺中市
市立梧棲國小,[06]臺中市
市立梧南國小,[06]臺中市
市立梧棲區中正國小,[06]臺中市
市立永寧國小,[06]臺中市
市立大甲國小,[06]臺中市
市立德化國小,[06]臺中市
市立大甲區文昌國小,[06]臺中市
市立順天國小,[06]臺中市
市立文武國小,[06]臺中市
市立日南國小,[06]臺中市
市立東明國小,[06]臺中市
市立華龍國小,[06]臺中市
市立西岐國小,[06]臺中市
市立東陽國小,[06]臺中市
市立沙鹿國小,[06]臺中市
市立文光國小,[06]臺中市
市立竹林國小,[06]臺中市
市立北勢國小,[06]臺中市
市立公明國小,[06]臺中市
市立公館國小,[06]臺中市
市立鹿峰國小,[06]臺中市
市立大安國小,[06]臺中市
市立三光國小,[06]臺中市
市立海墘國小,[06]臺中市
市立大安區永安國小,[06]臺中市
市立龍山國小,[06]臺中市
市立龍井國小,[06]臺中市
市立龍津國小,[06]臺中市
市立龍海國小,[06]臺中市
市立龍港國小,[06]臺中市
市立龍泉國小,[06]臺中市
市立龍峰國小,[06]臺中市
市立烏日國小,[06]臺中市
市立僑仁國小,[06]臺中市
市立喀哩國小,[06]臺中市
市立東園國小,[06]臺中市
市立溪尾國小,[06]臺中市
市立旭光國小,[06]臺中市
市立五光國小,[06]臺中市
市立大肚國小,[06]臺中市
市立瑞峰國小,[06]臺中市
市立永順國小,[06]臺中市
市立追分國小,[06]臺中市
市立大忠國小,[06]臺中市
市立大里國小,[06]臺中市
市立內新國小,[06]臺中市
市立崇光國小,[06]臺中市
市立塗城國小,[06]臺中市
市立瑞城國小,[06]臺中市
市立健民國小,[06]臺中市
市立草湖國小,[06]臺中市
市立霧峰國小,[06]臺中市
市立僑榮國小,[06]臺中市
市立四德國小,[06]臺中市
市立五福國小,[06]臺中市
市立萬豐國小,[06]臺中市
市立峰谷國小,[06]臺中市
市立桐林國小,[06]臺中市
市立復興國小,[06]臺中市
市立霧峰區光正國小,[06]臺中市
市立太平區太平國小,[06]臺中市
市立宜欣國小,[06]臺中市
市立新光國小,[06]臺中市
市立坪林國小,[06]臺中市
市立光隆國小,[06]臺中市
市立黃竹國小,[06]臺中市
市立頭汴國小,[06]臺中市
市立東汴國小,[06]臺中市
市立和平區和平國小,[06]臺中市
市立福民國小,[06]臺中市
市立白冷國小,[06]臺中市
市立博屋瑪國小,[06]臺中市
市立中坑國小,[06]臺中市
市立平等國小,[06]臺中市
市立博愛國小,[06]臺中市
市立自由國小,[06]臺中市
市立梨山國(中)小,[06]臺中市
市立益民國小,[06]臺中市
市立槺榔國小,[06]臺中市
市立建平國小,[06]臺中市
市立潭陽國小,[06]臺中市
市立太平區中華國小,[06]臺中市
市立九德國小,[06]臺中市
市立中港國小,[06]臺中市
市立東平國小,[06]臺中市
市立文雅國小,[06]臺中市
市立新盛國小,[06]臺中市
市立大元國小,[06]臺中市
市立吉峰國小,[06]臺中市
市立新平國小,[06]臺中市
市立葫蘆墩國小,[06]臺中市
市立永隆國小,[06]臺中市
市立美群國小,[06]臺中市
市立吳厝國小,[06]臺中市
市立山陽國小,[06]臺中市
市立立新國小,[06]臺中市
市立大德國小,[06]臺中市
市立車籠埔國小,[06]臺中市
市立福陽國小,[06]臺中市
市立頭家國小,[06]臺中市
市立瑞井國小,[06]臺中市
市立東新國小,[06]臺中市
市立光復國(中)小,[06]臺中市
市立長億國小,[06]臺中市
市立六寶國小,[06]臺中市
國立臺中教大附小,[19]臺中市
私立育仁國小,[19]臺中市
私立慎齋小學,[19]臺中市
私立明道普霖斯頓小學,[19]臺中市
私立麗喆國(中)小,[19]臺中市
市立中區光復國小,[19]臺中市
市立臺中國小,[19]臺中市
市立大智國小,[19]臺中市
市立東區成功國小,[19]臺中市
市立進德國小,[19]臺中市
市立力行國小,[19]臺中市
市立樂業國小,[19]臺中市
市立忠孝國小,[19]臺中市
市立忠信國小,[19]臺中市
市立大同國小,[19]臺中市
市立忠明國小,[19]臺中市
市立西區中正國小,[19]臺中市
市立南區和平國小,[19]臺中市
市立國光國小,[19]臺中市
市立信義國小,[19]臺中市
市立北區太平國小,[19]臺中市
市立北區中華國小,[19]臺中市
市立篤行國小,[19]臺中市
市立健行國小,[19]臺中市
市立省三國小,[19]臺中市
市立西屯國小,[19]臺中市
市立西屯區泰安國小,[19]臺中市
市立大鵬國小,[19]臺中市
市立西屯區永安國小,[19]臺中市
市立協和國小,[19]臺中市
市立大仁國小,[19]臺中市
市立南屯國小,[19]臺中市
市立鎮平國小,[19]臺中市
市立文山國小,[19]臺中市
市立春安國小,[19]臺中市
市立黎明國小,[19]臺中市
市立北屯國小,[19]臺中市
市立僑孝國小,[19]臺中市
市立四張犁國小,[19]臺中市
市立松竹國小,[19]臺中市
市立軍功國小,[19]臺中市
市立北屯區大坑國小,[19]臺中市
市立逢甲國小,[19]臺中市
市立建功國小,[19]臺中市
市立北屯區新興國小,[19]臺中市
市立仁愛國小,[19]臺中市
市立立人國小,[19]臺中市
市立北屯區文昌國小,[19]臺中市
市立大勇國小,[19]臺中市
市立重慶國小,[19]臺中市
市立南屯區東興國小,[19]臺中市
市立文心國小,[19]臺中市
市立四維國小,[19]臺中市
市立何厝國小,[19]臺中市
市立國安國小,[19]臺中市
市立上石國小,[19]臺中市
市立大新國小,[19]臺中市
市立陳平國小,[19]臺中市
市立賴厝國小,[19]臺中市
市立永春國小,[19]臺中市
市立惠文國小,[19]臺中市
市立樹義國小,[19]臺中市
市立東光國小,[19]臺中市
市立上安國小,[19]臺中市
市立仁美國小,[19]臺中市
市立長安國小,[19]臺中市
市立惠來國小,[19]臺中市
市立大墩國小,[19]臺中市
市立東海國小,[19]臺中市
市立仁德國小,[11]臺南市
市立文賢國小,[11]臺南市
市立長興國小,[11]臺南市
市立依仁國小,[11]臺南市
市立大甲國小,[11]臺南市
市立仁和國小,[11]臺南市
市立德南國小,[11]臺南市
市立虎山實驗小學,[11]臺南市
市立歸仁國小,[11]臺南市
市立歸南國小,[11]臺南市
市立保西國小,[11]臺南市
市立大潭國小,[11]臺南市
市立關廟國小,[11]臺南市
市立五甲國小,[11]臺南市
市立保東國小,[11]臺南市
市立崇和國小,[11]臺南市
市立文和實驗小學,[11]臺南市
市立深坑國小,[11]臺南市
市立新光國小,[11]臺南市
市立龍崎國小,[11]臺南市
市立永康國小,[11]臺南市
市立大灣國小,[11]臺南市
市立三村國小,[11]臺南市
市立西勢國小,[11]臺南市
市立永康區復興國小,[11]臺南市
市立龍潭國小,[11]臺南市
市立大橋國小,[11]臺南市
市立新化國小,[11]臺南市
市立那拔國小,[11]臺南市
市立口埤實驗小學,[11]臺南市
市立大新國小,[11]臺南市
市立山上國小,[11]臺南市
市立玉井國小,[11]臺南市
市立層林國小,[11]臺南市
市立楠西國小,[11]臺南市
市立南化國小,[11]臺南市
市立北寮國小,[11]臺南市
市立西埔國小,[11]臺南市
市立玉山國小,[11]臺南市
市立瑞峰國小,[11]臺南市
市立左鎮國小,[11]臺南市
市立光榮國小,[11]臺南市
市立善化國小,[11]臺南市
市立茄拔國小,[11]臺南市
市立善化區大同國小,[11]臺南市
市立大成國小,[11]臺南市
市立陽明國小,[11]臺南市
市立善糖國小,[11]臺南市
市立小新國小,[11]臺南市
市立新市國小,[11]臺南市
市立大社國小,[11]臺南市
市立安定國小,[11]臺南市
市立南安國小,[11]臺南市
市立安定區南興國小,[11]臺南市
市立麻豆國小,[11]臺南市
市立培文國小,[11]臺南市
市立文正國小,[11]臺南市
市立大山國小,[11]臺南市
市立安業國小,[11]臺南市
市立北勢國小,[11]臺南市
市立港尾國小,[11]臺南市
市立紀安國小,[11]臺南市
市立佳里國小,[11]臺南市
市立佳興國小,[11]臺南市
市立延平國小,[11]臺南市
市立塭內國小,[11]臺南市
市立子龍國小,[11]臺南市
市立仁愛國小,[11]臺南市
市立通興國小,[11]臺南市
市立西港國小,[11]臺南市
市立港東國小,[11]臺南市
市立西港區成功國小,[11]臺南市
市立後營國小,[11]臺南市
市立松林國小,[11]臺南市
市立七股國小,[11]臺南市
市立後港國小,[11]臺南市
市立竹橋國小,[11]臺南市
市立三股國小,[11]臺南市
市立光復生態實驗小學,[11]臺南市
市立篤加國小,[11]臺南市
市立龍山國小,[11]臺南市
市立建功國小,[11]臺南市
市立大文國小,[11]臺南市
市立樹林國小,[11]臺南市
市立將軍國小,[11]臺南市
市立漚汪國小,[11]臺南市
市立苓和國小,[11]臺南市
市立鯤鯓國小,[11]臺南市
市立長平國小,[11]臺南市
市立北門國小,[11]臺南市
市立蚵寮國小,[11]臺南市
市立文山國小,[11]臺南市
市立錦湖國小,[11]臺南市
市立雙春國小,[11]臺南市
市立三慈國小,[11]臺南市
市立學甲國小,[11]臺南市
市立中洲國小,[11]臺南市
市立宅港國小,[11]臺南市
市立頂洲國小,[11]臺南市
市立東陽國小,[11]臺南市
市立下營國小,[11]臺南市
市立中營國小,[11]臺南市
市立賀建國小,[11]臺南市
市立甲中國小,[11]臺南市
市立東興國小,[11]臺南市
市立六甲國小,[11]臺南市
市立林鳳國小,[11]臺南市
市立官田國小,[11]臺南市
市立隆田國小,[11]臺南市
市立嘉南國小,[11]臺南市
市立渡拔國小,[11]臺南市
市立大內國小,[11]臺南市
市立二溪國小,[11]臺南市
市立新營國小,[11]臺南市
市立新民國小,[11]臺南市
市立新橋國小,[11]臺南市
市立新營區新興國小,[11]臺南市
市立新進國小,[11]臺南市
市立南梓實驗小學,[11]臺南市
市立新生國小,[11]臺南市
市立土庫國小,[11]臺南市
市立公誠國小,[11]臺南市
市立鹽水國小,[11]臺南市
市立歡雅國小,[11]臺南市
市立坔頭港國小,[11]臺南市
市立月津國小,[11]臺南市
市立竹埔國小,[11]臺南市
市立仁光國小,[11]臺南市
市立岸內國小,[11]臺南市
市立文昌國小,[11]臺南市
市立白河國小,[11]臺南市
市立玉豐國小,[11]臺南市
市立竹門國小,[11]臺南市
市立內角國小,[11]臺南市
市立仙草國小,[11]臺南市
市立河東國小,[11]臺南市
市立大竹國小,[11]臺南市
市立柳營國小,[11]臺南市
市立果毅國小,[11]臺南市
市立重溪國小,[11]臺南市
市立太康國小,[11]臺南市
市立新山國小,[11]臺南市
市立後壁國小,[11]臺南市
市立菁寮國小,[11]臺南市
市立安溪國小,[11]臺南市
市立新東國小,[11]臺南市
市立永安國小,[11]臺南市
市立新嘉國小,[11]臺南市
市立樹人國小,[11]臺南市
市立東山國小,[11]臺南市
市立聖賢國小,[11]臺南市
市立東原國小,[11]臺南市
市立青山國小,[11]臺南市
市立吉貝耍國小,[11]臺南市
市立崑山國小,[11]臺南市
市立五王國小,[11]臺南市
市立文化國小,[11]臺南市
市立正新國小,[11]臺南市
市立信義國小,[11]臺南市
市立新泰國小,[11]臺南市
市立永信國小,[11]臺南市
市立永康區勝利國小,[11]臺南市
市立紅瓦厝國小,[11]臺南市
國立臺南大學附小,[21]臺南市
私立寶仁小學,[21]臺南市
市立東區勝利國小,[21]臺南市
市立博愛國小,[21]臺南市
市立東區大同國小,[21]臺南市
市立東光國小,[21]臺南市
市立德高國小,[21]臺南市
市立崇學國小,[21]臺南市
市立志開實驗小學,[21]臺南市
市立南區新興國小,[21]臺南市
市立省躬國小,[21]臺南市
市立喜樹國小,[21]臺南市
市立龍崗國小,[21]臺南市
市立日新國小,[21]臺南市
市立永華國小,[21]臺南市
市立協進國小,[21]臺南市
市立新南國小,[21]臺南市
市立立人國小,[21]臺南市
市立公園國小,[21]臺南市
市立開元國小,[21]臺南市
市立大光國小,[21]臺南市
市立中西區成功國小,[21]臺南市
市立永福國小,[21]臺南市
市立忠義國小,[21]臺南市
市立進學國小,[21]臺南市
市立石門國小,[21]臺南市
市立西門實驗小學,[21]臺南市
市立安順國小,[21]臺南市
市立和順國小,[21]臺南市
市立海東國小,[21]臺南市
市立安慶國小,[21]臺南市
市立土城國小,[21]臺南市
市立青草國小,[21]臺南市
市立鎮海國小,[21]臺南市
市立顯宮國小,[21]臺南市
市立長安國小,[21]臺南市
市立安南區南興國小,[21]臺南市
市立安佃國小,[21]臺南市
市立大港國小,[21]臺南市
市立海佃國小,[21]臺南市
市立東區復興國小,[21]臺南市
市立崇明國小,[21]臺南市
市立安平國小,[21]臺南市
市立文元國小,[21]臺南市
市立學東國小,[21]臺南市
市立億載國小,[21]臺南市
市立賢北國小,[21]臺南市
市立裕文國小,[21]臺南市
市立鳳山國小,[12]高雄市
市立大東國小,[12]高雄市
市立文山國小,[12]高雄市
市立鳳山區中正國小,[12]高雄市
市立五甲國小,[12]高雄市
市立曹公國小,[12]高雄市
市立誠正國小,[12]高雄市
市立南成國小,[12]高雄市
市立五福國小,[12]高雄市
市立鳳山區中山國小,[12]高雄市
市立新甲國小,[12]高雄市
市立鳳山區忠孝國小,[12]高雄市
市立林園國小,[12]高雄市
市立中芸國小,[12]高雄市
市立港埔國小,[12]高雄市
市立金潭國小,[12]高雄市
市立汕尾國小,[12]高雄市
市立永芳國小,[12]高雄市
市立翁園國小,[12]高雄市
市立忠義國小,[12]高雄市
市立昭明國小,[12]高雄市
市立潮寮國小,[12]高雄市
市立中庄國小,[12]高雄市
市立溪寮國小,[12]高雄市
市立大寮國小,[12]高雄市
市立大樹國小,[12]高雄市
市立九曲國小,[12]高雄市
市立溪埔國小,[12]高雄市
市立姑山國小,[12]高雄市
市立水寮國小,[12]高雄市
市立小坪國小,[12]高雄市
市立興田國小,[12]高雄市
市立龍目國小,[12]高雄市
市立仁武國小,[12]高雄市
市立烏林國小,[12]高雄市
市立八卦國小,[12]高雄市
市立灣內國小,[12]高雄市
市立大社區大社國小,[12]高雄市
市立嘉誠國小,[12]高雄市
市立鳥松國小,[12]高雄市
市立仁美國小,[12]高雄市
市立大華國小,[12]高雄市
市立岡山國小,[12]高雄市
市立前峰國小,[12]高雄市
市立嘉興國小,[12]高雄市
市立兆湘國小,[12]高雄市
市立後紅國小,[12]高雄市
市立和平國小,[12]高雄市
市立仕隆國小,[12]高雄市
市立五林國小,[12]高雄市
市立甲圍國小,[12]高雄市
市立興糖國小,[12]高雄市
市立燕巢國小,[12]高雄市
市立橫山國小,[12]高雄市
市立深水國小,[12]高雄市
市立安招國小,[12]高雄市
市立鳳雄國小,[12]高雄市
市立金山國小,[12]高雄市
市立田寮區新興國小,[12]高雄市
市立崇德國小,[12]高雄市
市立阿蓮國小,[12]高雄市
市立中路國小,[12]高雄市
市立復安國小,[12]高雄市
市立路竹國小,[12]高雄市
市立路竹區大社國小,[12]高雄市
市立下坑國小,[12]高雄市
市立竹滬國小,[12]高雄市
市立三埤國小,[12]高雄市
市立北嶺國小,[12]高雄市
市立一甲國小,[12]高雄市
市立文賢國小,[12]高雄市
市立明宗國小,[12]高雄市
市立大湖國小,[12]高雄市
市立海埔國小,[12]高雄市
市立三侯國小,[12]高雄市
市立茄萣國小,[12]高雄市
市立茄萣區成功國小,[12]高雄市
市立砂崙國小,[12]高雄市
市立永安國小,[12]高雄市
市立新港國小,[12]高雄市
市立彌陀國小,[12]高雄市
市立南安國小,[12]高雄市
市立壽齡國小,[12]高雄市
市立梓官國小,[12]高雄市
市立蚵寮國小,[12]高雄市
市立旗山國小,[12]高雄市
市立溪洲國小,[12]高雄市
市立旗山區鼓山國小,[12]高雄市
市立圓潭國小,[12]高雄市
市立旗尾國小,[12]高雄市
市立嶺口國小,[12]高雄市
市立美濃國小,[12]高雄市
市立東門國小,[12]高雄市
市立吉洋國小,[12]高雄市
市立龍肚國小,[12]高雄市
市立中壇國小,[12]高雄市
市立廣興國小,[12]高雄市
市立龍山國小,[12]高雄市
市立福安國小,[12]高雄市
市立吉東國小,[12]高雄市
市立六龜國小,[12]高雄市
市立荖濃國小,[12]高雄市
市立新發國小,[12]高雄市
市立龍興國小,[12]高雄市
市立新威國小,[12]高雄市
市立寶來國小,[12]高雄市
市立月美國小,[12]高雄市
市立上平國小,[12]高雄市
市立新庄國小,[12]高雄市
市立集來國小,[12]高雄市
市立杉林國小,[12]高雄市
市立內門國小,[12]高雄市
市立觀亭國小,[12]高雄市
市立溝坪國小,[12]高雄市
市立金竹國小,[12]高雄市
市立木柵國小,[12]高雄市
市立西門國小,[12]高雄市
市立景義國小,[12]高雄市
市立甲仙國小,[12]高雄市
市立小林國小,[12]高雄市
市立寶隆國小,[12]高雄市
市立巴楠花部落小學,[12]高雄市
市立民生國小,[12]高雄市
市立茂林國小,[12]高雄市
市立多納國小,[12]高雄市
市立桃源國小,[12]高雄市
市立建山國小,[12]高雄市
市立興中國小,[12]高雄市
市立寶山國小,[12]高雄市
市立樟山國小,[12]高雄市
市立鎮北國小,[12]高雄市
市立鳳西國小,[12]高雄市
市立維新國小,[12]高雄市
市立文德國小,[12]高雄市
市立瑞興國小,[12]高雄市
市立登發國小,[12]高雄市
市立竹圍國小,[12]高雄市
市立觀音國小,[12]高雄市
市立竹後國小,[12]高雄市
市立正義國小,[12]高雄市
市立福誠國小,[12]高雄市
市立山頂國小,[12]高雄市
市立過埤國小,[12]高雄市
市立中崙國小,[12]高雄市
市立橋頭國小,[12]高雄市
市立興達國小,[12]高雄市
市立那瑪夏區民權國小,[12]高雄市
市立後庄國小,[12]高雄市
市立王公國小,[12]高雄市
市立壽天國小,[12]高雄市
市立蔡文國小,[12]高雄市
市立文華國小,[12]高雄市
市立鳳翔國小,[12]高雄市
市立鹽埕國小　,[51]高雄市
市立鹽埕區忠孝國小　,[51]高雄市
市立光榮國小　,[51]高雄市
市立鼓山區鼓山國小　,[52]高雄市
市立鼓岩國小　,[52]高雄市
市立內惟國小　,[52]高雄市
市立鼓山區中山國小　,[52]高雄市
市立壽山國小　,[52]高雄市
市立龍華國小　,[52]高雄市
市立九如國小　,[52]高雄市
市立左營國小　,[53]高雄市
市立舊城國小,[53]高雄市
市立新莊國小,[53]高雄市
市立新民國小,[53]高雄市
市立明德國小,[53]高雄市
市立勝利國小,[53]高雄市
市立屏山國小,[53]高雄市
市立永清國小,[53]高雄市
市立新上國小,[53]高雄市
市立福山國小,[53]高雄市
市立文府國小,[53]高雄市
市立新光國小,[53]高雄市
市立楠梓國小,[54]高雄市
市立後勁國小,[54]高雄市
市立援中國小,[54]高雄市
市立右昌國小,[54]高雄市
市立莒光國小,[54]高雄市
市立加昌國小,[54]高雄市
市立楠陽國小,[54]高雄市
市立翠屏國(中)小,[54]高雄市
市立油廠國小,[54]高雄市
市立三民國小　,[55]高雄市
市立鼎金國小　,[55]高雄市
市立愛國國小　,[55]高雄市
市立十全國小　,[55]高雄市
市立正興國小　,[55]高雄市
市立博愛國小　,[55]高雄市
市立獅湖國小　,[55]高雄市
市立三民區民族國小,[55]高雄市
市立莊敬國小,[55]高雄市
市立光武國小,[55]高雄市
市立東光國小,[55]高雄市
市立河濱國小　,[55]高雄市
市立陽明國小,[55]高雄市
市立河堤國小,[55]高雄市
市立新興區新興國小　,[56]高雄市
市立大同國小　,[56]高雄市
市立信義國小　,[56]高雄市
市立七賢國小,[56]高雄市
市立前金國小　,[57]高雄市
市立建國國小　,[57]高雄市
市立苓洲國小　,[58]高雄市
市立苓雅區成功國小,[58]高雄市
市立五權國小　,[58]高雄市
市立凱旋國小,[58]高雄市
市立四維國小　,[58]高雄市
市立福東國小　,[58]高雄市
市立苓雅區中正國小　,[58]高雄市
市立福康國小,[58]高雄市
市立前鎮國小　,[59]高雄市
市立獅甲國小　,[59]高雄市
市立仁愛國小　,[59]高雄市
市立樂群國小　,[59]高雄市
市立愛群國小　,[59]高雄市
市立復興國小　,[59]高雄市
市立瑞豐國小　,[59]高雄市
市立明正國小　,[59]高雄市
市立光華國小　,[59]高雄市
市立瑞祥國小,[59]高雄市
市立鎮昌國小,[59]高雄市
市立佛公國小,[59]高雄市
市立前鎮區民權國小,[59]高雄市
市立紅毛港國小,[59]高雄市
市立旗津國小,[60]高雄市
市立大汕國小,[60]高雄市
市立中洲國小,[60]高雄市
市立小港國小,[61]高雄市
市立鳳林國小,[61]高雄市
市立青山國小,[61]高雄市
市立太平國小,[61]高雄市
市立鳳鳴國小,[61]高雄市
市立坪頂國小,[61]高雄市
市立二苓國小,[61]高雄市
市立桂林國小,[61]高雄市
市立漢民國小,[61]高雄市
市立華山國小,[61]高雄市
市立港和國小,[61]高雄市
市立鳳陽國小,[61]高雄市
市立明義國小,[61]高雄市
縣立中山國小,[02]宜蘭縣
縣立宜蘭國小,[02]宜蘭縣
縣立力行國小,[02]宜蘭縣
縣立新生國小,[02]宜蘭縣
縣立光復國小,[02]宜蘭縣
縣立育才國小,[02]宜蘭縣
縣立凱旋國小,[02]宜蘭縣
縣立黎明國小,[02]宜蘭縣
縣立南屏國小,[02]宜蘭縣
縣立羅東國小,[02]宜蘭縣
縣立成功國小,[02]宜蘭縣
縣立公正國小,[02]宜蘭縣
縣立北成國小,[02]宜蘭縣
縣立竹林國小,[02]宜蘭縣
縣立蘇澳國小,[02]宜蘭縣
縣立馬賽國小,[02]宜蘭縣
縣立蓬萊國小,[02]宜蘭縣
縣立士敏國小,[02]宜蘭縣
縣立永樂國小,[02]宜蘭縣
縣立南安國小,[02]宜蘭縣
縣立岳明國小,[02]宜蘭縣
縣立育英國小,[02]宜蘭縣
縣立頭城國小,[02]宜蘭縣
縣立竹安國小,[02]宜蘭縣
縣立二城國小,[02]宜蘭縣
縣立大溪國小,[02]宜蘭縣
縣立大里國小,[02]宜蘭縣
縣立梗枋國小,[02]宜蘭縣
縣立礁溪國小,[02]宜蘭縣
縣立四結國小,[02]宜蘭縣
縣立龍潭國小,[02]宜蘭縣
縣立玉田國小,[02]宜蘭縣
縣立三民國小,[02]宜蘭縣
縣立員山國小,[02]宜蘭縣
縣立深溝國小,[02]宜蘭縣
縣立七賢國小,[02]宜蘭縣
縣立同樂國小,[02]宜蘭縣
縣立湖山國小,[02]宜蘭縣
縣立大湖國小,[02]宜蘭縣
縣立內城國(中)小,[02]宜蘭縣
縣立壯圍國小,[02]宜蘭縣
縣立古亭國小,[02]宜蘭縣
縣立公館國小,[02]宜蘭縣
縣立過嶺國小,[02]宜蘭縣
縣立大福國小,[02]宜蘭縣
縣立新南國小,[02]宜蘭縣
縣立五結國小,[02]宜蘭縣
縣立學進國小,[02]宜蘭縣
縣立中興國小,[02]宜蘭縣
縣立利澤國小,[02]宜蘭縣
縣立孝威國小,[02]宜蘭縣
縣立冬山國小,[02]宜蘭縣
縣立東興國小,[02]宜蘭縣
縣立順安國小,[02]宜蘭縣
縣立武淵國小,[02]宜蘭縣
縣立廣興國小,[02]宜蘭縣
縣立大進國小,[02]宜蘭縣
縣立柯林國小,[02]宜蘭縣
縣立三星國小,[02]宜蘭縣
縣立大洲國小,[02]宜蘭縣
縣立憲明國小,[02]宜蘭縣
縣立萬富國小,[02]宜蘭縣
縣立大隱國小,[02]宜蘭縣
縣立四季國小,[02]宜蘭縣
縣立南山國小,[02]宜蘭縣
縣立大同國小,[02]宜蘭縣
縣立寒溪國小,[02]宜蘭縣
縣立南澳國小,[02]宜蘭縣
縣立碧候國小,[02]宜蘭縣
縣立武塔國小,[02]宜蘭縣
縣立澳花國小,[02]宜蘭縣
縣立東澳國小,[02]宜蘭縣
縣立金岳國小,[02]宜蘭縣
縣立金洋國小,[02]宜蘭縣
縣立人文國(中)小,[02]宜蘭縣
縣立清溝國小,[02]宜蘭縣
私立上智國小,[04]新竹縣
私立康乃薾國(中)小,[04]新竹縣
縣立關西國小,[04]新竹縣
縣立東安國小,[04]新竹縣
縣立石光國小,[04]新竹縣
縣立坪林國小,[04]新竹縣
縣立南和國小,[04]新竹縣
縣立太平國小,[04]新竹縣
縣立東光國小,[04]新竹縣
縣立錦山國小,[04]新竹縣
縣立玉山國小,[04]新竹縣
縣立新埔國小,[04]新竹縣
縣立新星國小,[04]新竹縣
縣立照門國小,[04]新竹縣
縣立清水國小,[04]新竹縣
縣立照東國小,[04]新竹縣
縣立北平國小,[04]新竹縣
縣立枋寮國小,[04]新竹縣
縣立寶石國小,[04]新竹縣
縣立文山國小,[04]新竹縣
縣立竹東國小,[04]新竹縣
縣立中山國小,[04]新竹縣
縣立大同國小,[04]新竹縣
縣立二重國小,[04]新竹縣
縣立竹中國小,[04]新竹縣
縣立員崠國小,[04]新竹縣
縣立陸豐國小,[04]新竹縣
縣立瑞峰國小,[04]新竹縣
縣立竹北國小,[04]新竹縣
縣立中正國小,[04]新竹縣
縣立竹仁國小,[04]新竹縣
縣立新社國小,[04]新竹縣
縣立六家國小,[04]新竹縣
縣立東海國小,[04]新竹縣
縣立豐田國小,[04]新竹縣
縣立麻園國小,[04]新竹縣
縣立新港國小,[04]新竹縣
縣立鳳岡國小,[04]新竹縣
縣立新湖國小,[04]新竹縣
縣立和興國小,[04]新竹縣
縣立信勢國小,[04]新竹縣
縣立湖口國小,[04]新竹縣
縣立山崎國小,[04]新竹縣
縣立長安國小,[04]新竹縣
縣立中興國小,[04]新竹縣
縣立華興國小,[04]新竹縣
縣立橫山國小,[04]新竹縣
縣立田寮國小,[04]新竹縣
縣立大肚國小,[04]新竹縣
縣立沙坑國小,[04]新竹縣
縣立內灣國小,[04]新竹縣
縣立福興國小,[04]新竹縣
縣立新豐國小,[04]新竹縣
縣立瑞興國小,[04]新竹縣
縣立福龍國小,[04]新竹縣
縣立埔和國小,[04]新竹縣
縣立芎林國小,[04]新竹縣
縣立碧潭國小,[04]新竹縣
縣立五龍國小,[04]新竹縣
縣立寶山國小,[04]新竹縣
縣立新城國小,[04]新竹縣
縣立雙溪國小,[04]新竹縣
縣立北埔國小,[04]新竹縣
縣立大坪國小,[04]新竹縣
縣立峨眉國小,[04]新竹縣
縣立富興國小,[04]新竹縣
縣立尖石國小,[04]新竹縣
縣立嘉興國小,[04]新竹縣
縣立新樂國小,[04]新竹縣
縣立梅花國小,[04]新竹縣
縣立錦屏國小,[04]新竹縣
縣立玉峰國小,[04]新竹縣
縣立石磊國小,[04]新竹縣
縣立秀巒國小,[04]新竹縣
縣立新光國小,[04]新竹縣
縣立五峰國小,[04]新竹縣
縣立桃山國小,[04]新竹縣
縣立花園國小,[04]新竹縣
縣立博愛國小,[04]新竹縣
縣立上館國小,[04]新竹縣
縣立光明國小,[04]新竹縣
縣立松林國小,[04]新竹縣
縣立十興國小,[04]新竹縣
縣立興隆國小,[04]新竹縣
縣立東興國小,[04]新竹縣
縣立安興國小,[04]新竹縣
縣立建功國小,[05]苗栗縣
縣立大同國小,[05]苗栗縣
縣立僑育國小,[05]苗栗縣
縣立文山國小,[05]苗栗縣
縣立啟文國小,[05]苗栗縣
縣立新英國小,[05]苗栗縣
縣立頭屋國小,[05]苗栗縣
縣立明德國小,[05]苗栗縣
縣立公館國小,[05]苗栗縣
縣立五穀國小,[05]苗栗縣
縣立福基國小,[05]苗栗縣
縣立鶴岡國小,[05]苗栗縣
縣立開礦國小,[05]苗栗縣
縣立南河國小,[05]苗栗縣
縣立銅鑼國小,[05]苗栗縣
縣立中興國小,[05]苗栗縣
縣立九湖國小,[05]苗栗縣
縣立新隆國小,[05]苗栗縣
縣立興隆國小,[05]苗栗縣
縣立文峰國小,[05]苗栗縣
縣立建中國小,[05]苗栗縣
縣立僑成國小,[05]苗栗縣
縣立育英國小,[05]苗栗縣
縣立鯉魚國小,[05]苗栗縣
縣立苑裡國小,[05]苗栗縣
縣立文苑國小,[05]苗栗縣
縣立山腳國小,[05]苗栗縣
縣立中正國小,[05]苗栗縣
縣立藍田國小,[05]苗栗縣
縣立中山國小,[05]苗栗縣
縣立林森國小,[05]苗栗縣
縣立蕉埔國小,[05]苗栗縣
縣立通霄國小,[05]苗栗縣
縣立五福國小,[05]苗栗縣
縣立城中國小,[05]苗栗縣
縣立啟明國小,[05]苗栗縣
縣立新埔國小,[05]苗栗縣
縣立烏眉國小,[05]苗栗縣
縣立南和國小,[05]苗栗縣
縣立坪頂國小,[05]苗栗縣
縣立圳頭國小,[05]苗栗縣
縣立福興武術國(中)小,[05]苗栗縣
縣立西湖國小,[05]苗栗縣
縣立五湖國小,[05]苗栗縣
縣立僑文國小,[05]苗栗縣
縣立頭份國小,[05]苗栗縣
縣立六合國小,[05]苗栗縣
縣立永貞國小,[05]苗栗縣
縣立尖山國小,[05]苗栗縣
縣立僑善國小,[05]苗栗縣
縣立斗煥國小,[05]苗栗縣
縣立后庄國小,[05]苗栗縣
縣立新興國小,[05]苗栗縣
縣立信德國小,[05]苗栗縣
縣立竹南國小,[05]苗栗縣
縣立照南國小,[05]苗栗縣
縣立大埔國小,[05]苗栗縣
縣立頂埔國小,[05]苗栗縣
縣立海口國小,[05]苗栗縣
縣立三灣國小,[05]苗栗縣
縣立南庄國小,[05]苗栗縣
縣立田美國小,[05]苗栗縣
縣立南埔國小,[05]苗栗縣
縣立東河國小,[05]苗栗縣
縣立蓬萊國小,[05]苗栗縣
縣立造橋國小,[05]苗栗縣
縣立談文國小,[05]苗栗縣
縣立錦水國小,[05]苗栗縣
縣立龍昇國小,[05]苗栗縣
縣立僑樂國小,[05]苗栗縣
縣立後龍國小,[05]苗栗縣
縣立新港國(中)小,[05]苗栗縣
縣立大山國小,[05]苗栗縣
縣立龍坑國小,[05]苗栗縣
縣立溪洲國小,[05]苗栗縣
縣立外埔國小,[05]苗栗縣
縣立成功國小,[05]苗栗縣
縣立中和國小,[05]苗栗縣
縣立同光國小,[05]苗栗縣
縣立海寶國小,[05]苗栗縣
縣立大湖國小,[05]苗栗縣
縣立南湖國小,[05]苗栗縣
縣立華興國小,[05]苗栗縣
縣立大南國小,[05]苗栗縣
縣立東興國小,[05]苗栗縣
縣立武榮國小,[05]苗栗縣
縣立新開國小,[05]苗栗縣
縣立栗林國小,[05]苗栗縣
縣立獅潭國小,[05]苗栗縣
縣立豐林國小,[05]苗栗縣
縣立永興國小,[05]苗栗縣
縣立卓蘭國小,[05]苗栗縣
縣立內灣國小,[05]苗栗縣
縣立豐田國小,[05]苗栗縣
縣立坪林國小,[05]苗栗縣
縣立雙連國小,[05]苗栗縣
縣立景山國小,[05]苗栗縣
縣立泰安國(中)小,[05]苗栗縣
縣立泰興國小,[05]苗栗縣
縣立清安國小,[05]苗栗縣
縣立汶水國小,[05]苗栗縣
縣立象鼻國小,[05]苗栗縣
縣立梅園國小,[05]苗栗縣
縣立建國國小,[05]苗栗縣
縣立竹興國小,[05]苗栗縣
縣立文華國小,[05]苗栗縣
縣立福星國小,[05]苗栗縣
縣立新南國小,[05]苗栗縣
縣立蟠桃國小,[05]苗栗縣
縣立仁愛國小,[05]苗栗縣
縣立客庄國小,[05]苗栗縣
縣立山佳國小,[05]苗栗縣
縣立信義國小,[05]苗栗縣
縣立士林國小,[05]苗栗縣
縣立中山國小,[07]彰化縣
縣立民生國小,[07]彰化縣
縣立平和國小,[07]彰化縣
縣立南郭國小,[07]彰化縣
縣立南興國小,[07]彰化縣
縣立東芳國小,[07]彰化縣
縣立泰和國小,[07]彰化縣
縣立三民國小,[07]彰化縣
縣立聯興國小,[07]彰化縣
縣立大竹國小,[07]彰化縣
縣立國聖國小,[07]彰化縣
縣立快官國小,[07]彰化縣
縣立石牌國小,[07]彰化縣
縣立忠孝國小,[07]彰化縣
縣立芬園國小,[07]彰化縣
縣立富山國小,[07]彰化縣
縣立寶山國小,[07]彰化縣
縣立同安國小,[07]彰化縣
縣立文德國小,[07]彰化縣
縣立茄荖國小,[07]彰化縣
縣立花壇國小,[07]彰化縣
縣立文祥國小,[07]彰化縣
縣立華南國小,[07]彰化縣
縣立僑愛國小,[07]彰化縣
縣立三春國小,[07]彰化縣
縣立白沙國小,[07]彰化縣
縣立和美國小,[07]彰化縣
縣立和東國小,[07]彰化縣
縣立大嘉國小,[07]彰化縣
縣立大榮國小,[07]彰化縣
縣立新庄國小,[07]彰化縣
縣立培英國小,[07]彰化縣
縣立線西國小,[07]彰化縣
縣立曉陽國小,[07]彰化縣
縣立新港國小,[07]彰化縣
縣立伸東國小,[07]彰化縣
縣立伸仁國小,[07]彰化縣
縣立大同國小,[07]彰化縣
縣立鹿港國小,[07]彰化縣
縣立文開國小,[07]彰化縣
縣立洛津國小,[07]彰化縣
縣立海埔國小,[07]彰化縣
縣立新興國小,[07]彰化縣
縣立草港國小,[07]彰化縣
縣立頂番國小,[07]彰化縣
縣立東興國小,[07]彰化縣
縣立管嶼國小,[07]彰化縣
縣立文昌國小,[07]彰化縣
縣立西勢國小,[07]彰化縣
縣立大興國小,[07]彰化縣
縣立永豐國小,[07]彰化縣
縣立日新國小,[07]彰化縣
縣立育新國小,[07]彰化縣
縣立秀水國小,[07]彰化縣
縣立馬興國小,[07]彰化縣
縣立華龍國小,[07]彰化縣
縣立明正國小,[07]彰化縣
縣立陝西國小,[07]彰化縣
縣立育民國小,[07]彰化縣
縣立溪湖國小,[07]彰化縣
縣立東溪國小,[07]彰化縣
縣立湖西國小,[07]彰化縣
縣立湖東國小,[07]彰化縣
縣立湖南國小,[07]彰化縣
縣立媽厝國小,[07]彰化縣
縣立埔鹽國小,[07]彰化縣
縣立大園國小,[07]彰化縣
縣立南港國小,[07]彰化縣
縣立好修國小,[07]彰化縣
縣立永樂國小,[07]彰化縣
縣立新水國小,[07]彰化縣
縣立天盛國小,[07]彰化縣
縣立埔心國小,[07]彰化縣
縣立太平國小,[07]彰化縣
縣立舊館國小,[07]彰化縣
縣立羅厝國小,[07]彰化縣
縣立鳳霞國小,[07]彰化縣
縣立梧鳳國小,[07]彰化縣
縣立明聖國小,[07]彰化縣
縣立員林國小,[07]彰化縣
縣立育英國小,[07]彰化縣
縣立靜修國小,[07]彰化縣
縣立僑信國小,[07]彰化縣
縣立員東國小,[07]彰化縣
縣立饒明國小,[07]彰化縣
縣立東山國小,[07]彰化縣
縣立青山國小,[07]彰化縣
縣立明湖國小,[07]彰化縣
縣立大村國小,[07]彰化縣
縣立大西國小,[07]彰化縣
縣立村上國小,[07]彰化縣
縣立村東國小,[07]彰化縣
縣立永靖國小,[07]彰化縣
縣立福德國小,[07]彰化縣
縣立永興國小,[07]彰化縣
縣立福興國小,[07]彰化縣
縣立德興國小,[07]彰化縣
縣立田中國小,[07]彰化縣
縣立三潭國小,[07]彰化縣
縣立大安國小,[07]彰化縣
縣立內安國小,[07]彰化縣
縣立東和國小,[07]彰化縣
縣立明禮國小,[07]彰化縣
縣立社頭國小,[07]彰化縣
縣立橋頭國小,[07]彰化縣
縣立朝興國小,[07]彰化縣
縣立清水國小,[07]彰化縣
縣立湳雅國小,[07]彰化縣
縣立二水國小,[07]彰化縣
縣立復興國小,[07]彰化縣
縣立源泉國小,[07]彰化縣
縣立北斗國小,[07]彰化縣
縣立萬來國小,[07]彰化縣
縣立螺青國小,[07]彰化縣
縣立大新國小,[07]彰化縣
縣立螺陽國小,[07]彰化縣
縣立田尾國小,[07]彰化縣
縣立南鎮國小,[07]彰化縣
縣立陸豐國小,[07]彰化縣
縣立仁豐國小,[07]彰化縣
縣立埤頭國小,[07]彰化縣
縣立合興國小,[07]彰化縣
縣立豐崙國小,[07]彰化縣
縣立芙朝國小,[07]彰化縣
縣立中和國小,[07]彰化縣
縣立大湖國小,[07]彰化縣
縣立溪州國小,[07]彰化縣
縣立僑義國小,[07]彰化縣
縣立三條國小,[07]彰化縣
縣立水尾國小,[07]彰化縣
縣立潮洋國小,[07]彰化縣
縣立成功國小,[07]彰化縣
縣立圳寮國小,[07]彰化縣
縣立大莊國小,[07]彰化縣
縣立南州國小,[07]彰化縣
縣立二林國小,[07]彰化縣
縣立興華國小,[07]彰化縣
縣立中正國小,[07]彰化縣
縣立育德國小,[07]彰化縣
縣立香田國小,[07]彰化縣
縣立廣興國小,[07]彰化縣
縣立萬興國小,[07]彰化縣
縣立新生國小,[07]彰化縣
縣立中興國小,[07]彰化縣
縣立原斗國(中)小,[07]彰化縣
縣立萬合國小,[07]彰化縣
縣立大城國小,[07]彰化縣
縣立永光國小,[07]彰化縣
縣立西港國小,[07]彰化縣
縣立美豐國小,[07]彰化縣
縣立頂庄國小,[07]彰化縣
縣立潭墘國小,[07]彰化縣
縣立竹塘國小,[07]彰化縣
縣立田頭國小,[07]彰化縣
縣立民靖國小,[07]彰化縣
縣立長安國小,[07]彰化縣
縣立土庫國小,[07]彰化縣
縣立芳苑國小,[07]彰化縣
縣立後寮國小,[07]彰化縣
縣立民權國小,[07]彰化縣
縣立育華國小,[07]彰化縣
縣立草湖國小,[07]彰化縣
縣立建新國小,[07]彰化縣
縣立漢寶國小,[07]彰化縣
縣立王功國小,[07]彰化縣
縣立新寶國小,[07]彰化縣
縣立路上國小,[07]彰化縣
縣立和仁國小,[07]彰化縣
縣立鹿東國小,[07]彰化縣
縣立舊社國小,[07]彰化縣
縣立崙雅國小,[07]彰化縣
縣立信義國(中)小,[07]彰化縣
縣立大成國小,[07]彰化縣
縣立新民國小,[07]彰化縣
縣立湖北國小,[07]彰化縣
私立普台國小,[08]南投縣
私立均頭國(中)小,[08]南投縣
縣立南投國小,[08]南投縣
縣立平和國小,[08]南投縣
縣立新豐國小,[08]南投縣
縣立營盤國小,[08]南投縣
縣立西嶺國小,[08]南投縣
縣立德興國小,[08]南投縣
縣立光華國小,[08]南投縣
縣立光榮國小,[08]南投縣
縣立文山國小,[08]南投縣
縣立僑建國小,[08]南投縣
縣立漳和國小,[08]南投縣
縣立嘉和國小,[08]南投縣
縣立光復國小,[08]南投縣
縣立千秋國小,[08]南投縣
縣立埔里國小,[08]南投縣
縣立南光國小,[08]南投縣
縣立育英國小,[08]南投縣
縣立史港國小,[08]南投縣
縣立愛蘭國小,[08]南投縣
縣立溪南國小,[08]南投縣
縣立水尾國小,[08]南投縣
縣立桃源國小,[08]南投縣
縣立麒麟國小,[08]南投縣
縣立太平國小,[08]南投縣
縣立忠孝國小,[08]南投縣
縣立中峰國小,[08]南投縣
縣立大成國小,[08]南投縣
縣立草屯國小,[08]南投縣
縣立敦和國小,[08]南投縣
縣立新庄國小,[08]南投縣
縣立碧峰國小,[08]南投縣
縣立土城國小,[08]南投縣
縣立雙冬國小,[08]南投縣
縣立炎峰國小,[08]南投縣
縣立中原國小,[08]南投縣
縣立平林國小,[08]南投縣
縣立坪頂國小,[08]南投縣
縣立僑光國小,[08]南投縣
縣立北投國小,[08]南投縣
縣立富功國小,[08]南投縣
縣立竹山國小,[08]南投縣
縣立延平國小,[08]南投縣
縣立社寮國小,[08]南投縣
縣立過溪國小,[08]南投縣
縣立大鞍國小,[08]南投縣
縣立瑞竹國小,[08]南投縣
縣立秀林國小,[08]南投縣
縣立雲林國小,[08]南投縣
縣立鯉魚國小,[08]南投縣
縣立桶頭國小,[08]南投縣
縣立中州國小,[08]南投縣
縣立中和國小,[08]南投縣
縣立集集國小,[08]南投縣
縣立隘寮國小,[08]南投縣
縣立永昌國小,[08]南投縣
縣立和平國小,[08]南投縣
縣立名間國小,[08]南投縣
縣立新街國小,[08]南投縣
縣立名崗國小,[08]南投縣
縣立中山國小,[08]南投縣
縣立弓鞋國小,[08]南投縣
縣立田豐國小,[08]南投縣
縣立僑興國小,[08]南投縣
縣立新民國小,[08]南投縣
縣立鹿谷國小,[08]南投縣
縣立秀峰國小,[08]南投縣
縣立文昌國小,[08]南投縣
縣立鳳凰國小,[08]南投縣
縣立內湖國小,[08]南投縣
縣立初鄉國小,[08]南投縣
縣立瑞田國小,[08]南投縣
縣立廣興國小,[08]南投縣
縣立中寮國小,[08]南投縣
縣立爽文國小,[08]南投縣
縣立永樂國小,[08]南投縣
縣立永康國小,[08]南投縣
縣立清水國小,[08]南投縣
縣立至誠國小,[08]南投縣
縣立永和國小,[08]南投縣
縣立廣福國小,[08]南投縣
縣立魚池國小,[08]南投縣
縣立頭社國小,[08]南投縣
縣立東光國小,[08]南投縣
縣立五城國小,[08]南投縣
縣立明潭國小,[08]南投縣
縣立新城國小,[08]南投縣
縣立德化國小,[08]南投縣
縣立共和國小,[08]南投縣
縣立國姓國小,[08]南投縣
縣立北山國小,[08]南投縣
縣立北港國小,[08]南投縣
縣立福龜國小,[08]南投縣
縣立長流國小,[08]南投縣
縣立南港國小,[08]南投縣
縣立育樂國小,[08]南投縣
縣立港源國小,[08]南投縣
縣立長福國小,[08]南投縣
縣立乾峰國小,[08]南投縣
縣立水里國小,[08]南投縣
縣立郡坑國小,[08]南投縣
縣立民和國小,[08]南投縣
縣立新興國小,[08]南投縣
縣立永興國小,[08]南投縣
縣立成城國小,[08]南投縣
縣立信義國小,[08]南投縣
縣立羅娜國小,[08]南投縣
縣立同富國小,[08]南投縣
縣立愛國國小,[08]南投縣
縣立人和國小,[08]南投縣
縣立地利國小,[08]南投縣
縣立東埔國小,[08]南投縣
縣立潭南國小,[08]南投縣
縣立桐林國小,[08]南投縣
縣立隆華國小,[08]南投縣
縣立新鄉國小,[08]南投縣
縣立久美國小,[08]南投縣
縣立雙龍國小,[08]南投縣
縣立豐丘國小,[08]南投縣
縣立仁愛國小,[08]南投縣
縣立親愛國小,[08]南投縣
縣立法治國小,[08]南投縣
縣立合作國小,[08]南投縣
縣立互助國小,[08]南投縣
縣立力行國小,[08]南投縣
縣立南豐國小,[08]南投縣
縣立中正國小,[08]南投縣
縣立廬山國小,[08]南投縣
縣立發祥國小,[08]南投縣
縣立萬豐國小,[08]南投縣
縣立都達國小,[08]南投縣
縣立春陽國小,[08]南投縣
縣立紅葉國小,[08]南投縣
縣立清境國小,[08]南投縣
縣立漳興國小,[08]南投縣
縣立虎山國小,[08]南投縣
縣立康壽國小,[08]南投縣
縣立前山國小,[08]南投縣
私立維多利亞小學,[09]雲林縣
私立福智國小,[09]雲林縣
縣立鎮西國小,[09]雲林縣
縣立鎮東國小,[09]雲林縣
縣立溝壩國小,[09]雲林縣
縣立梅林國小,[09]雲林縣
縣立石榴國小,[09]雲林縣
縣立溪洲國小,[09]雲林縣
縣立林頭國小,[09]雲林縣
縣立保長國小,[09]雲林縣
縣立鎮南國小,[09]雲林縣
縣立公誠國小,[09]雲林縣
縣立久安國小,[09]雲林縣
縣立古坑國(中)小,[09]雲林縣
縣立東和國小,[09]雲林縣
縣立永光國小,[09]雲林縣
縣立華山國小,[09]雲林縣
縣立棋山國小,[09]雲林縣
縣立桂林國小,[09]雲林縣
縣立樟湖生態國(中)小,[09]雲林縣
縣立草嶺生態地質國小,[09]雲林縣
縣立華南國小,[09]雲林縣
縣立興昌國小,[09]雲林縣
縣立山峰華德福實小,[09]雲林縣
縣立水碓國小,[09]雲林縣
縣立新光國小,[09]雲林縣
縣立林內國小,[09]雲林縣
縣立重興國小,[09]雲林縣
縣立九芎國小,[09]雲林縣
縣立成功國小,[09]雲林縣
縣立林中國小,[09]雲林縣
縣立民生國小,[09]雲林縣
縣立斗南國小,[09]雲林縣
縣立大東國小,[09]雲林縣
縣立石龜國小,[09]雲林縣
縣立重光國小,[09]雲林縣
縣立文安國小,[09]雲林縣
縣立僑真國小,[09]雲林縣
縣立莿桐國小,[09]雲林縣
縣立饒平國小,[09]雲林縣
縣立大美國小,[09]雲林縣
縣立六合國小,[09]雲林縣
縣立僑和國小,[09]雲林縣
縣立育仁國小,[09]雲林縣
縣立大埤國小,[09]雲林縣
縣立舊庄國小,[09]雲林縣
縣立仁和國小,[09]雲林縣
縣立嘉興國小,[09]雲林縣
縣立聯美國小,[09]雲林縣
縣立虎尾國小,[09]雲林縣
縣立立仁國小,[09]雲林縣
縣立大屯國小,[09]雲林縣
縣立中溪國小,[09]雲林縣
縣立光復國小,[09]雲林縣
縣立中正國小,[09]雲林縣
縣立平和國小,[09]雲林縣
縣立廉使國小,[09]雲林縣
縣立惠來國小,[09]雲林縣
縣立拯民國小,[09]雲林縣
縣立安慶國小,[09]雲林縣
縣立土庫國小,[09]雲林縣
縣立馬光國小,[09]雲林縣
縣立埤腳國小,[09]雲林縣
縣立後埔國小,[09]雲林縣
縣立秀潭國小,[09]雲林縣
縣立新庄國小,[09]雲林縣
縣立宏崙國小,[09]雲林縣
縣立褒忠國小,[09]雲林縣
縣立龍巖國小,[09]雲林縣
縣立復興國小,[09]雲林縣
縣立潮厝國小,[09]雲林縣
縣立東勢國小,[09]雲林縣
縣立安南國小,[09]雲林縣
縣立明倫國小,[09]雲林縣
縣立同安國小,[09]雲林縣
縣立龍潭國小,[09]雲林縣
縣立臺西國小,[09]雲林縣
縣立崙豐國小,[09]雲林縣
縣立泉州國小,[09]雲林縣
縣立新興國小,[09]雲林縣
縣立尚德國小,[09]雲林縣
縣立文昌國小,[09]雲林縣
縣立中山國小,[09]雲林縣
縣立廣興國小,[09]雲林縣
縣立安定國小,[09]雲林縣
縣立吳厝國小,[09]雲林縣
縣立大新國小,[09]雲林縣
縣立文賢國小,[09]雲林縣
縣立文興國小,[09]雲林縣
縣立二崙國小,[09]雲林縣
縣立三和國小,[09]雲林縣
縣立油車國小,[09]雲林縣
縣立大同國小,[09]雲林縣
縣立永定國小,[09]雲林縣
縣立義賢國小,[09]雲林縣
縣立旭光國小,[09]雲林縣
縣立來惠國小,[09]雲林縣
縣立崙背國小,[09]雲林縣
縣立豐榮國小,[09]雲林縣
縣立大有國小,[09]雲林縣
縣立中和國小,[09]雲林縣
縣立陽明國小,[09]雲林縣
縣立東興國小,[09]雲林縣
縣立麥寮國小,[09]雲林縣
縣立橋頭國小,[09]雲林縣
縣立明禮國小,[09]雲林縣
縣立興華國小,[09]雲林縣
縣立豐安國小,[09]雲林縣
縣立南陽國小,[09]雲林縣
縣立北辰國小,[09]雲林縣
縣立好收國小,[09]雲林縣
縣立育英國小,[09]雲林縣
縣立東榮國小,[09]雲林縣
縣立朝陽國小,[09]雲林縣
縣立辰光國小,[09]雲林縣
縣立僑美國小,[09]雲林縣
縣立元長國小,[09]雲林縣
縣立新生國小,[09]雲林縣
縣立客厝國小,[09]雲林縣
縣立山內國小,[09]雲林縣
縣立仁德國小,[09]雲林縣
縣立忠孝國小,[09]雲林縣
縣立仁愛國小,[09]雲林縣
縣立信義國小,[09]雲林縣
縣立和平國小,[09]雲林縣
縣立四湖國小,[09]雲林縣
縣立東光國小,[09]雲林縣
縣立飛沙國小,[09]雲林縣
縣立林厝國小,[09]雲林縣
縣立三崙國小,[09]雲林縣
縣立建陽國小,[09]雲林縣
縣立南光國小,[09]雲林縣
縣立鹿場國小,[09]雲林縣
縣立明德國小,[09]雲林縣
縣立建華國小,[09]雲林縣
縣立內湖國小,[09]雲林縣
縣立口湖國小,[09]雲林縣
縣立文光國小,[09]雲林縣
縣立金湖國小,[09]雲林縣
縣立下崙國小,[09]雲林縣
縣立興南國小,[09]雲林縣
縣立崇文國小,[09]雲林縣
縣立成龍國小,[09]雲林縣
縣立臺興國小,[09]雲林縣
縣立頂湖國小,[09]雲林縣
縣立蔦松國小,[09]雲林縣
縣立尖山國小,[09]雲林縣
縣立宏仁國小,[09]雲林縣
縣立文正國小,[09]雲林縣
縣立誠正國小,[09]雲林縣
縣立中興國小,[09]雲林縣
縣立水燦林國小,[09]雲林縣
縣立大興國小,[09]雲林縣
縣立雲林國小,[09]雲林縣
縣立斗六國小,[09]雲林縣
縣立朴子國小,[10]嘉義縣
縣立大同國小,[10]嘉義縣
縣立雙溪國小,[10]嘉義縣
縣立竹村國小,[10]嘉義縣
縣立松梅國小,[10]嘉義縣
縣立大鄉國小,[10]嘉義縣
縣立布袋國小,[10]嘉義縣
縣立景山國小,[10]嘉義縣
縣立永安國小,[10]嘉義縣
縣立過溝國小,[10]嘉義縣
縣立貴林國小,[10]嘉義縣
縣立新塭國小,[10]嘉義縣
縣立新岑國小,[10]嘉義縣
縣立好美國小,[10]嘉義縣
縣立大林國小,[10]嘉義縣
縣立三和國小,[10]嘉義縣
縣立中林國小,[10]嘉義縣
縣立排路國小,[10]嘉義縣
縣立社團國小,[10]嘉義縣
縣立民雄國小,[10]嘉義縣
縣立東榮國小,[10]嘉義縣
縣立三興國小,[10]嘉義縣
縣立菁埔國小,[10]嘉義縣
縣立興中國小,[10]嘉義縣
縣立秀林國小,[10]嘉義縣
縣立松山國小,[10]嘉義縣
縣立大崎國小,[10]嘉義縣
縣立溪口國小,[10]嘉義縣
縣立美林國小,[10]嘉義縣
縣立柴林國小,[10]嘉義縣
縣立柳溝國小,[10]嘉義縣
縣立新港國小,[10]嘉義縣
縣立文昌國小,[10]嘉義縣
縣立月眉國小,[10]嘉義縣
縣立古民國小,[10]嘉義縣
縣立復興國小,[10]嘉義縣
縣立安和國小,[10]嘉義縣
縣立蒜頭國小,[10]嘉義縣
縣立六腳國小,[10]嘉義縣
縣立六美國小,[10]嘉義縣
縣立灣內國小,[10]嘉義縣
縣立更寮國小,[10]嘉義縣
縣立北美國小,[10]嘉義縣
縣立東石國小,[10]嘉義縣
縣立塭港國小,[10]嘉義縣
縣立三江國小,[10]嘉義縣
縣立龍港國小,[10]嘉義縣
縣立下楫國小,[10]嘉義縣
縣立港墘國小,[10]嘉義縣
縣立龍崗國小,[10]嘉義縣
縣立網寮國小,[10]嘉義縣
縣立鹿草國小,[10]嘉義縣
縣立重寮國小,[10]嘉義縣
縣立下潭國小,[10]嘉義縣
縣立碧潭國小,[10]嘉義縣
縣立竹園國小,[10]嘉義縣
縣立後塘國小,[10]嘉義縣
縣立義竹國小,[10]嘉義縣
縣立光榮國小,[10]嘉義縣
縣立過路國小,[10]嘉義縣
縣立和順國小,[10]嘉義縣
縣立南興國小,[10]嘉義縣
縣立太保國小,[10]嘉義縣
縣立安東國小,[10]嘉義縣
縣立南新國小,[10]嘉義縣
縣立新埤國小,[10]嘉義縣
縣立水上國小,[10]嘉義縣
縣立大崙國小,[10]嘉義縣
縣立柳林國小,[10]嘉義縣
縣立忠和國小,[10]嘉義縣
縣立義興國小,[10]嘉義縣
縣立成功國小,[10]嘉義縣
縣立北回國小,[10]嘉義縣
縣立南靖國小,[10]嘉義縣
縣立中埔國小,[10]嘉義縣
縣立大有國小,[10]嘉義縣
縣立中山國小,[10]嘉義縣
縣立頂六國小,[10]嘉義縣
縣立和睦國小,[10]嘉義縣
縣立同仁國小,[10]嘉義縣
縣立沄水國小,[10]嘉義縣
縣立社口國小,[10]嘉義縣
縣立灣潭國小,[10]嘉義縣
縣立民和國小,[10]嘉義縣
縣立內甕國小,[10]嘉義縣
縣立黎明國小,[10]嘉義縣
縣立大湖國小,[10]嘉義縣
縣立隙頂國小,[10]嘉義縣
縣立竹崎國小,[10]嘉義縣
縣立龍山國小,[10]嘉義縣
縣立鹿滿國小,[10]嘉義縣
縣立圓崇國小,[10]嘉義縣
縣立內埔國小,[10]嘉義縣
縣立桃源國小,[10]嘉義縣
縣立中和國小,[10]嘉義縣
縣立中興國小,[10]嘉義縣
縣立光華國小,[10]嘉義縣
縣立義仁國小,[10]嘉義縣
縣立沙坑國小,[10]嘉義縣
縣立梅山國小,[10]嘉義縣
縣立梅圳國小,[10]嘉義縣
縣立太平國小,[10]嘉義縣
縣立太興國小,[10]嘉義縣
縣立瑞里國小,[10]嘉義縣
縣立大南國小,[10]嘉義縣
縣立瑞峰國小,[10]嘉義縣
縣立太和國小,[10]嘉義縣
縣立仁和國小,[10]嘉義縣
縣立大埔國(中)小,[10]嘉義縣
縣立達邦國小,[10]嘉義縣
縣立十字國小,[10]嘉義縣
縣立來吉國小,[10]嘉義縣
縣立豐山實驗國(中)小,[10]嘉義縣
縣立山美國小,[10]嘉義縣
縣立新美國小,[10]嘉義縣
縣立阿里山國(中)小,[10]嘉義縣
縣立香林國小,[10]嘉義縣
縣立布新國小,[10]嘉義縣
縣立茶山國小,[10]嘉義縣
縣立和興國小,[10]嘉義縣
縣立平林國小,[10]嘉義縣
縣立梅北國小,[10]嘉義縣
縣立祥和國小,[10]嘉義縣
縣立福樂國小,[10]嘉義縣
國立屏東大學實小,[13]屏東縣
私立崇華國小,[13]屏東縣
縣立中正國小,[13]屏東縣
縣立仁愛國小,[13]屏東縣
縣立海豐國小,[13]屏東縣
縣立公館國小,[13]屏東縣
縣立大同國小,[13]屏東縣
縣立鶴聲國小,[13]屏東縣
縣立凌雲國小,[13]屏東縣
縣立勝利國小,[13]屏東縣
縣立歸來國小,[13]屏東縣
縣立前進國小,[13]屏東縣
縣立唐榮國小,[13]屏東縣
縣立民和國小,[13]屏東縣
縣立建國國小,[13]屏東縣
縣立復興國小,[13]屏東縣
縣立忠孝國小,[13]屏東縣
縣立和平國小,[13]屏東縣
縣立萬丹國小,[13]屏東縣
縣立新庄國小,[13]屏東縣
縣立興華國小,[13]屏東縣
縣立新興國小,[13]屏東縣
縣立社皮國小,[13]屏東縣
縣立廣安國小,[13]屏東縣
縣立興化國小,[13]屏東縣
縣立麟洛國小,[13]屏東縣
縣立九如國小,[13]屏東縣
縣立後庄國小,[13]屏東縣
縣立惠農國小,[13]屏東縣
縣立長興國小,[13]屏東縣
縣立繁華國小,[13]屏東縣
縣立德協國小,[13]屏東縣
縣立鹽埔國小,[13]屏東縣
縣立仕絨國小,[13]屏東縣
縣立高朗國小,[13]屏東縣
縣立新圍國小,[13]屏東縣
縣立彭厝國小,[13]屏東縣
縣立振興國小,[13]屏東縣
縣立高樹國小,[13]屏東縣
縣立舊寮國小,[13]屏東縣
縣立新豐國小,[13]屏東縣
縣立田子國小,[13]屏東縣
縣立新南國小,[13]屏東縣
縣立泰山國小,[13]屏東縣
縣立大路關國(中)小,[13]屏東縣
縣立南華國小,[13]屏東縣
縣立里港國小,[13]屏東縣
縣立載興國小,[13]屏東縣
縣立土庫國小,[13]屏東縣
縣立三和國小,[13]屏東縣
縣立潮州國小,[13]屏東縣
縣立光春國小,[13]屏東縣
縣立光華國小,[13]屏東縣
縣立四林國小,[13]屏東縣
縣立潮南國小,[13]屏東縣
縣立潮東國小,[13]屏東縣
縣立萬巒國小,[13]屏東縣
縣立五溝國小,[13]屏東縣
縣立佳佐國小,[13]屏東縣
縣立赤山國小,[13]屏東縣
縣立內埔國小,[13]屏東縣
縣立育英國小,[13]屏東縣
縣立僑智國小,[13]屏東縣
縣立崇文國小,[13]屏東縣
縣立新生國小,[13]屏東縣
縣立榮華國小,[13]屏東縣
縣立黎明國小,[13]屏東縣
縣立隘寮國小,[13]屏東縣
縣立泰安國小,[13]屏東縣
縣立東勢國小,[13]屏東縣
縣立豐田國小,[13]屏東縣
縣立富田國小,[13]屏東縣
縣立竹田國小,[13]屏東縣
縣立西勢國小,[13]屏東縣
縣立大明國小,[13]屏東縣
縣立新埤國小,[13]屏東縣
縣立大成國小,[13]屏東縣
縣立萬隆國小,[13]屏東縣
縣立餉潭國小,[13]屏東縣
縣立枋寮國小,[13]屏東縣
縣立僑德國小,[13]屏東縣
縣立建興國小,[13]屏東縣
縣立東海國小,[13]屏東縣
縣立東港國小,[13]屏東縣
縣立東隆國小,[13]屏東縣
縣立海濱國小,[13]屏東縣
縣立以栗國小,[13]屏東縣
縣立大潭國小,[13]屏東縣
縣立新園國小,[13]屏東縣
縣立仙吉國小,[13]屏東縣
縣立烏龍國小,[13]屏東縣
縣立港西國小,[13]屏東縣
縣立鹽洲國小,[13]屏東縣
縣立琉球國小,[13]屏東縣
縣立天南國小,[13]屏東縣
縣立全德國小,[13]屏東縣
縣立白沙國小,[13]屏東縣
縣立崁頂國小,[13]屏東縣
縣立港東國小,[13]屏東縣
縣立力社國小,[13]屏東縣
縣立林邊國小,[13]屏東縣
縣立仁和國小,[13]屏東縣
縣立竹林國小,[13]屏東縣
縣立崎峰國小,[13]屏東縣
縣立水利國小,[13]屏東縣
縣立南州國小,[13]屏東縣
縣立同安國小,[13]屏東縣
縣立溪北國小,[13]屏東縣
縣立佳冬國小,[13]屏東縣
縣立塭子國小,[13]屏東縣
縣立羌園國小,[13]屏東縣
縣立昌隆國小,[13]屏東縣
縣立大新國小,[13]屏東縣
縣立玉光國小,[13]屏東縣
縣立恆春國小,[13]屏東縣
縣立僑勇國小,[13]屏東縣
縣立山海國小,[13]屏東縣
縣立大光國小,[13]屏東縣
縣立水泉國小,[13]屏東縣
縣立大平國小,[13]屏東縣
縣立墾丁國小,[13]屏東縣
縣立車城國小,[13]屏東縣
縣立滿州國小,[13]屏東縣
縣立長樂國小,[13]屏東縣
縣立永港國小,[13]屏東縣
縣立楓港國小,[13]屏東縣
縣立加祿國小,[13]屏東縣
縣立地磨兒國小,[13]屏東縣
縣立青山國小,[13]屏東縣
縣立青葉國小,[13]屏東縣
縣立口社國小,[13]屏東縣
縣立佳義國小,[13]屏東縣
縣立北葉國小,[13]屏東縣
縣立霧臺國小,[13]屏東縣
縣立武潭國小,[13]屏東縣
縣立泰武國小,[13]屏東縣
縣立萬安國小,[13]屏東縣
縣立來義國小,[13]屏東縣
縣立望嘉國小,[13]屏東縣
縣立文樂國小,[13]屏東縣
縣立南和國小,[13]屏東縣
縣立古樓國小,[13]屏東縣
縣立春日國小,[13]屏東縣
縣立力里國小,[13]屏東縣
縣立古華國小,[13]屏東縣
縣立楓林國小,[13]屏東縣
縣立丹路國小,[13]屏東縣
縣立內獅國小,[13]屏東縣
縣立草埔國小,[13]屏東縣
縣立石門國小,[13]屏東縣
縣立高士國小,[13]屏東縣
縣立牡丹國小,[13]屏東縣
縣立三多國小,[13]屏東縣
縣立信義國小,[13]屏東縣
縣立瑞光國小,[13]屏東縣
縣立崇蘭國小,[13]屏東縣
縣立四維國小,[13]屏東縣
縣立東寧國小,[13]屏東縣
縣立潮昇國小,[13]屏東縣
縣立潮和國小,[13]屏東縣
縣立東興國小,[13]屏東縣
縣立塔樓國小,[13]屏東縣
縣立玉田國小,[13]屏東縣
縣立東光國小,[13]屏東縣
縣立賽嘉國小,[13]屏東縣
縣立瓦磘國小,[13]屏東縣
縣立民生國小,[13]屏東縣
縣立長榮百合國小,[13]屏東縣
國立臺東大學附小,[14]臺東縣
縣立仁愛國小,[14]臺東縣
縣立復興國小,[14]臺東縣
縣立光明國小,[14]臺東縣
縣立寶桑國小,[14]臺東縣
縣立新生國小,[14]臺東縣
縣立豐里國小,[14]臺東縣
縣立豐榮國小,[14]臺東縣
縣立馬蘭國小,[14]臺東縣
縣立豐源國小,[14]臺東縣
縣立康樂國小,[14]臺東縣
縣立豐年國小,[14]臺東縣
縣立卑南國小,[14]臺東縣
縣立岩灣國小,[14]臺東縣
縣立南王國小,[14]臺東縣
縣立知本國小,[14]臺東縣
縣立建和國小,[14]臺東縣
縣立豐田國小,[14]臺東縣
縣立富岡國小,[14]臺東縣
縣立新園國小,[14]臺東縣
縣立賓朗國小,[14]臺東縣
縣立溫泉國小,[14]臺東縣
縣立利嘉國小,[14]臺東縣
縣立初鹿國小,[14]臺東縣
縣立東成國小,[14]臺東縣
縣立富山國小,[14]臺東縣
縣立大南國小,[14]臺東縣
縣立太平國小,[14]臺東縣
縣立大王國小,[14]臺東縣
縣立香蘭國小,[14]臺東縣
縣立三和國小,[14]臺東縣
縣立美和國小,[14]臺東縣
縣立大溪國小,[14]臺東縣
縣立尚武國小,[14]臺東縣
縣立大武國小,[14]臺東縣
縣立大鳥國小,[14]臺東縣
縣立綠島國小,[14]臺東縣
縣立公館國小,[14]臺東縣
縣立鹿野國小,[14]臺東縣
縣立龍田國小,[14]臺東縣
縣立永安國小,[14]臺東縣
縣立瑞豐國小,[14]臺東縣
縣立瑞源國小,[14]臺東縣
縣立關山國小,[14]臺東縣
縣立月眉國小,[14]臺東縣
縣立德高國小,[14]臺東縣
縣立電光國小,[14]臺東縣
縣立福原國小,[14]臺東縣
縣立大坡國小,[14]臺東縣
縣立萬安國小,[14]臺東縣
縣立東河國小,[14]臺東縣
縣立都蘭國小,[14]臺東縣
縣立泰源國小,[14]臺東縣
縣立北源國小,[14]臺東縣
縣立三民國小,[14]臺東縣
縣立成功國小,[14]臺東縣
縣立信義國小,[14]臺東縣
縣立三仙國小,[14]臺東縣
縣立忠孝國小,[14]臺東縣
縣立長濱國小,[14]臺東縣
縣立寧埔國小,[14]臺東縣
縣立竹湖國小,[14]臺東縣
縣立三間國小,[14]臺東縣
縣立樟原國小,[14]臺東縣
縣立嘉蘭國小,[14]臺東縣
縣立介達國小,[14]臺東縣
縣立新興國小,[14]臺東縣
縣立賓茂國小,[14]臺東縣
縣立安朔國小,[14]臺東縣
縣立土坂國小,[14]臺東縣
縣立臺坂國小,[14]臺東縣
縣立蘭嶼國小,[14]臺東縣
縣立椰油國小,[14]臺東縣
縣立東清國小,[14]臺東縣
縣立朗島國小,[14]臺東縣
縣立桃源國小,[14]臺東縣
縣立武陵國小,[14]臺東縣
縣立鸞山國小,[14]臺東縣
縣立紅葉國小,[14]臺東縣
縣立海端國小,[14]臺東縣
縣立初來國小,[14]臺東縣
縣立崁頂國小,[14]臺東縣
縣立廣原國小,[14]臺東縣
縣立錦屏國小,[14]臺東縣
縣立加拿國小,[14]臺東縣
縣立東海國小,[14]臺東縣
縣立霧鹿國小,[14]臺東縣
縣立興隆國小,[14]臺東縣
國立東華大學附設實小,[15]花蓮縣
私立海星國小,[15]花蓮縣
縣立明禮國小,[15]花蓮縣
縣立明義國小,[15]花蓮縣
縣立明廉國小,[15]花蓮縣
縣立明恥國小,[15]花蓮縣
縣立中正國小,[15]花蓮縣
縣立信義國小,[15]花蓮縣
縣立復興國小,[15]花蓮縣
縣立中華國小,[15]花蓮縣
縣立忠孝國小,[15]花蓮縣
縣立北濱國小,[15]花蓮縣
縣立鑄強國小,[15]花蓮縣
縣立國福國小,[15]花蓮縣
縣立新城國小,[15]花蓮縣
縣立北埔國小,[15]花蓮縣
縣立康樂國小,[15]花蓮縣
縣立嘉里國小,[15]花蓮縣
縣立吉安國小,[15]花蓮縣
縣立宜昌國小,[15]花蓮縣
縣立北昌國小,[15]花蓮縣
縣立稻香國小,[15]花蓮縣
縣立光華國小,[15]花蓮縣
縣立南華國小,[15]花蓮縣
縣立化仁國小,[15]花蓮縣
縣立太昌國小,[15]花蓮縣
縣立壽豐國小,[15]花蓮縣
縣立豐山國小,[15]花蓮縣
縣立豐裡國小,[15]花蓮縣
縣立志學國小,[15]花蓮縣
縣立平和國小,[15]花蓮縣
縣立溪口國小,[15]花蓮縣
縣立月眉國小,[15]花蓮縣
縣立水璉國小,[15]花蓮縣
縣立鳳林國小,[15]花蓮縣
縣立大榮國小,[15]花蓮縣
縣立鳳仁國小,[15]花蓮縣
縣立北林國小,[15]花蓮縣
縣立長橋國小,[15]花蓮縣
縣立林榮國小,[15]花蓮縣
縣立光復國小,[15]花蓮縣
縣立太巴塱國小,[15]花蓮縣
縣立大進國小,[15]花蓮縣
縣立瑞穗國小,[15]花蓮縣
縣立瑞北國小,[15]花蓮縣
縣立瑞美國小,[15]花蓮縣
縣立鶴岡國小,[15]花蓮縣
縣立舞鶴國小,[15]花蓮縣
縣立富源國小,[15]花蓮縣
縣立豐濱國小,[15]花蓮縣
縣立港口國小,[15]花蓮縣
縣立靜浦國小,[15]花蓮縣
縣立新社國小,[15]花蓮縣
縣立玉里國小,[15]花蓮縣
縣立中城國小,[15]花蓮縣
縣立源城國小,[15]花蓮縣
縣立樂合國小,[15]花蓮縣
縣立觀音國小,[15]花蓮縣
縣立高寮國小,[15]花蓮縣
縣立松浦國小,[15]花蓮縣
縣立春日國小,[15]花蓮縣
縣立德武國小,[15]花蓮縣
縣立三民國小,[15]花蓮縣
縣立大禹國小,[15]花蓮縣
縣立長良國小,[15]花蓮縣
縣立富里國小,[15]花蓮縣
縣立東里國小,[15]花蓮縣
縣立明里國小,[15]花蓮縣
縣立吳江國小,[15]花蓮縣
縣立學田國小,[15]花蓮縣
縣立永豐國小,[15]花蓮縣
縣立萬寧國小,[15]花蓮縣
縣立東竹國小,[15]花蓮縣
縣立秀林國小,[15]花蓮縣
縣立富世國小,[15]花蓮縣
縣立崇德國小,[15]花蓮縣
縣立和平國小,[15]花蓮縣
縣立景美國小,[15]花蓮縣
縣立三棧國小,[15]花蓮縣
縣立佳民國小,[15]花蓮縣
縣立銅門國小,[15]花蓮縣
縣立水源國小,[15]花蓮縣
縣立銅蘭國小,[15]花蓮縣
縣立文蘭國小,[15]花蓮縣
縣立萬榮國小,[15]花蓮縣
縣立明利國小,[15]花蓮縣
縣立見晴國小,[15]花蓮縣
縣立馬遠國小,[15]花蓮縣
縣立西林國小,[15]花蓮縣
縣立紅葉國小,[15]花蓮縣
縣立卓溪國小,[15]花蓮縣
縣立崙山國小,[15]花蓮縣
縣立立山國小,[15]花蓮縣
縣立太平國小,[15]花蓮縣
縣立卓清國小,[15]花蓮縣
縣立卓樂國小,[15]花蓮縣
縣立古風國小,[15]花蓮縣
縣立奇美國小,[15]花蓮縣
縣立卓楓國小,[15]花蓮縣
縣立西富國小,[15]花蓮縣
縣立大興國小,[15]花蓮縣
縣立西寶國小,[15]花蓮縣
縣立中原國小,[15]花蓮縣
縣立馬公國小,[16]澎湖縣
縣立中正國小,[16]澎湖縣
縣立中興國小,[16]澎湖縣
縣立中山國小,[16]澎湖縣
縣立石泉國小,[16]澎湖縣
縣立東衛國小,[16]澎湖縣
縣立興仁國小,[16]澎湖縣
縣立山水國小,[16]澎湖縣
縣立五德國小,[16]澎湖縣
縣立時裡國小,[16]澎湖縣
縣立風櫃國小,[16]澎湖縣
縣立虎井國小,[16]澎湖縣
縣立成功國小,[16]澎湖縣
縣立西溪國小,[16]澎湖縣
縣立湖西國小,[16]澎湖縣
縣立龍門國小,[16]澎湖縣
縣立隘門國小,[16]澎湖縣
縣立沙港國小,[16]澎湖縣
縣立中屯國小,[16]澎湖縣
縣立講美國小,[16]澎湖縣
縣立赤崁國小,[16]澎湖縣
縣立鳥嶼國小,[16]澎湖縣
縣立吉貝國小,[16]澎湖縣
縣立後寮國小,[16]澎湖縣
縣立合橫國小,[16]澎湖縣
縣立竹灣國小,[16]澎湖縣
縣立大池國小,[16]澎湖縣
縣立池東國小,[16]澎湖縣
縣立內垵國小,[16]澎湖縣
縣立外垵國小,[16]澎湖縣
縣立望安國小,[16]澎湖縣
縣立將軍國小,[16]澎湖縣
縣立花嶼國小,[16]澎湖縣
縣立七美國小,[16]澎湖縣
縣立雙湖國小,[16]澎湖縣
縣立文澳國小,[16]澎湖縣
縣立文光國小,[16]澎湖縣
私立聖心小學,[17]基隆市
市立中正國小,[17]基隆市
市立正濱國小,[17]基隆市
市立忠孝國小,[17]基隆市
市立和平國小,[17]基隆市
市立八斗國小,[17]基隆市
市立東信國小,[17]基隆市
市立中興國小,[17]基隆市
市立深澳國小,[17]基隆市
市立月眉國小,[17]基隆市
市立東光國小,[17]基隆市
市立仁愛國小,[17]基隆市
市立信義國小,[17]基隆市
市立成功國小,[17]基隆市
市立南榮國小,[17]基隆市
市立尚智國小,[17]基隆市
市立安樂國小,[17]基隆市
市立西定國小,[17]基隆市
市立武崙國小,[17]基隆市
市立中和國小,[17]基隆市
市立仙洞國小,[17]基隆市
市立中山國小,[17]基隆市
市立港西國小,[17]基隆市
市立中華國小,[17]基隆市
市立德和國小,[17]基隆市
市立七堵國小,[17]基隆市
市立華興國小,[17]基隆市
市立五堵國小,[17]基隆市
市立堵南國小,[17]基隆市
市立瑪陵國小,[17]基隆市
市立復興國小,[17]基隆市
市立尚仁國小,[17]基隆市
市立建德國小,[17]基隆市
市立八堵國小,[17]基隆市
市立暖暖國小,[17]基隆市
市立暖江國小,[17]基隆市
市立碇內國小,[17]基隆市
市立隆聖國小,[17]基隆市
市立長興國小,[17]基隆市
市立長樂國小,[17]基隆市
市立深美國小,[17]基隆市
市立暖西國小,[17]基隆市
國立清華大學附小,[18]新竹市
私立曙光國小,[18]新竹市
私立新竹市康橋國(中)小,[18]新竹市
市立新竹國小,[18]新竹市
市立北門國小,[18]新竹市
市立民富國小,[18]新竹市
市立東門國小,[18]新竹市
市立西門國小,[18]新竹市
市立竹蓮國小,[18]新竹市
市立東園國小,[18]新竹市
市立三民國小,[18]新竹市
市立龍山國小,[18]新竹市
市立關東國小,[18]新竹市
市立載熙國小,[18]新竹市
市立南寮國小,[18]新竹市
市立建功國小,[18]新竹市
市立水源國小,[18]新竹市
市立香山國小,[18]新竹市
市立虎林國小,[18]新竹市
市立港南國小,[18]新竹市
市立大庄國小,[18]新竹市
市立茄苳國小,[18]新竹市
市立朝山國小,[18]新竹市
市立大湖國小,[18]新竹市
市立內湖國小,[18]新竹市
市立南隘國小,[18]新竹市
市立頂埔國小,[18]新竹市
市立舊社國小,[18]新竹市
市立陽光國小,[18]新竹市
市立科園國小,[18]新竹市
市立高峰國小,[18]新竹市
市立青草湖國小,[18]新竹市
市立華德福實驗國小,[18]新竹市
市立關埔國小,[18]新竹市
國立嘉義大學附小,[20]嘉義市
市立崇文國小,[20]嘉義市
市立博愛國小,[20]嘉義市
市立垂楊國小,[20]嘉義市
市立民族國小,[20]嘉義市
市立宣信國小,[20]嘉義市
市立大同國小,[20]嘉義市
市立志航國小,[20]嘉義市
市立嘉北國小,[20]嘉義市
市立僑平國小,[20]嘉義市
市立林森國小,[20]嘉義市
市立北園國小,[20]嘉義市
市立精忠國小,[20]嘉義市
市立育人國小,[20]嘉義市
市立蘭潭國小,[20]嘉義市
市立興安國小,[20]嘉義市
市立世賢國小,[20]嘉義市
市立興嘉國小,[20]嘉義市
市立港坪國小,[20]嘉義市
市立文雅國小,[20]嘉義市
縣立金湖國小,[71]金門縣
縣立金寧國(中)小,[71]金門縣
縣立中正國小,[71]金門縣
縣立賢庵國小,[71]金門縣
縣立古城國小,[71]金門縣
縣立開瑄國小,[71]金門縣
縣立柏村國小,[71]金門縣
縣立多年國小,[71]金門縣
縣立金沙國小,[71]金門縣
縣立何浦國小,[71]金門縣
縣立安瀾國小,[71]金門縣
縣立述美國小,[71]金門縣
縣立古寧國小,[71]金門縣
縣立金鼎國小,[71]金門縣
縣立卓環國小,[71]金門縣
縣立上岐國小,[71]金門縣
縣立湖埔國小,[71]金門縣
縣立正義國小,[71]金門縣
縣立西口國小,[71]金門縣
縣立介壽國(中)小,[72]連江縣
縣立中正國(中)小,[72]連江縣
縣立仁愛國小,[72]連江縣
縣立塘岐國小,[72]連江縣
縣立敬恆國(中)小,[72]連江縣
縣立東莒國小,[72]連江縣
縣立東引國(中)小,[72]連江縣